,dist_mile,model_i,model_j,model_lat,model_lon
0,-6.864468077786821,69,1,38.709598541117266,-74.89854692992532
1,-6.73695053186866,69,2,38.71190500922644,-74.90100044817035
2,-6.609442517401746,69,3,38.7142114242525,-74.9034541123693
3,-6.212643840710634,70,4,38.7184376960278,-74.90294376870048
4,-6.085149298388187,70,5,38.72074405712185,-74.9053976974323
5,-5.957664290884426,70,6,38.723050365108286,-74.90785177215378
6,-5.830188819218872,70,7,38.7253566199794,-74.9103059928749
7,-5.433402100328129,71,8,38.729582867561504,-74.90979594935746
8,-5.305940110603382,71,9,38.73188906842932,-74.91225043471526
9,-5.1784876600868355,71,10,38.73419521615729,-74.91470506610844
10,-5.0510447497970175,71,11,38.73650131073773,-74.91715984354703
11,-4.923611380765698,71,12,38.73880735216281,-74.91961476704107
12,-4.796187554012043,71,13,38.74111334042483,-74.9220698366006
13,-4.399420717669347,72,14,38.74533956178843,-74.92156033081892
14,-4.272010387334979,72,15,38.74764549594243,-74.92401566517036
15,-4.144609602649375,72,16,38.74995137690885,-74.92647114562303
16,-4.017218364631059,72,17,38.75225720467999,-74.92892677218695
17,-3.8898366743118045,72,18,38.754562979248036,-74.93138254487219
18,-3.762464532713972,72,19,38.756868700605246,-74.93383846368877
19,-3.6351019408616625,72,20,38.75917436874388,-74.93629452864674
20,-3.507748899782174,72,21,38.76147998365615,-74.93875073975614
21,-3.3804054104954875,72,22,38.76378554533436,-74.941207097027
22,-3.253071474030003,72,23,38.76609105377071,-74.94366360046938
23,-3.1257470914136567,72,24,38.768396508957416,-74.94612025009332
24,-2.9984322636656136,72,25,38.770701910886785,-74.94857704590885
25,-2.871126991815552,72,26,38.773007259551015,-74.95103398792604
26,-2.743831276886759,72,27,38.775312554942374,-74.95349107615495
27,-2.6165451199035132,72,28,38.77761779705311,-74.9559483106056
28,-2.7587049124369973,71,29,38.77800191610826,-74.96137082265317
29,-2.631443461263448,71,30,38.78030699941115,-74.96382837686241
30,-2.5041915708212787,71,31,38.78261202941134,-74.96628607731793
31,-2.376949242134127,71,32,38.784917006101075,-74.96874392402977
32,-2.249716476227663,71,33,38.78722192947261,-74.97120191700799
33,-2.122493274125347,71,34,38.7895267995182,-74.97366005626264
34,-1.9952796368544767,71,35,38.79183161623007,-74.97611834180378
35,-2.1375528381411804,70,36,38.79221487120421,-74.98154194876435
36,-2.010363918251817,70,37,38.79451952900853,-74.98400055414395
37,-1.8831845659724147,70,38,38.79682413345712,-74.98645930583453
38,-1.7560147823343946,70,39,38.79912868454216,-74.98891820384617
39,-1.628854568357736,70,40,38.80143318225594,-74.99137724818888
40,-1.7712108972810687,69,41,38.801815784028086,-74.99680160295293
41,-1.644075408735893,69,42,38.804120122763265,-74.999260967185
42,-1.7864694090928415,68,43,38.804502388026876,-75.00468554906365
43,-1.6593586487564749,68,44,38.8068065677553,-75.00714523319259
44,-1.5322574626231704,68,45,38.8091106940761,-75.00960506369157
45,-1.4051658517178454,68,46,38.8114147669815,-75.01206504057062
46,-1.54762783836735,67,47,38.81179648445118,-75.01749019658709
47,-1.4205609619614614,67,48,38.81410039829309,-75.01995049339943
48,-1.5630606232087405,66,49,38.81448177917791,-75.02537587641693
49,-1.436018484081245,66,50,38.816785533928154,-75.02783649317006
50,-1.5785558204877908,65,51,38.8171665782038,-75.03326210313871
51,-1.4515384214146252,65,52,38.819470173834226,-75.0357230398401
52,-1.3245306038623568,65,53,38.82177371599865,-75.03818412297497
53,-1.1975323688624058,65,54,38.82407720468927,-75.04064535255341
54,-1.070543717435391,65,55,38.82638063989835,-75.04310672858544
55,-0.9435646506057015,65,56,38.82868402161817,-75.04556825108114
56,-0.8165951694012745,65,57,38.83098734984094,-75.04802992005054
57,-0.6896352748494079,65,58,38.83329062455887,-75.0504917355037
58,-0.5626849679665337,65,59,38.83559384576431,-75.05295369745066
59,-0.43574424978488663,65,60,38.83789701344942,-75.05541580590149
60,-0.039187443844229,66,61,38.842123306660625,-75.05491294332367
61,0.13734282180714727,66,62,38.84442641947831,-75.05737531776896
62,0.48429148215848844,67,63,38.84865268908687,-75.0568725197674
63,0.6143133119775606,67,64,38.850955746999254,-75.05933516025992
64,1.008171807287521,68,65,38.85518199294756,-75.0588324268639
65,1.134910766250547,68,66,38.85748499591681,-75.06129533345647
66,1.261702367970405,68,67,38.85978794530785,-75.0637583866403
67,1.453421052170242,68,68,38.86209084111291,-75.06622158642548
68,1.6671048742661525,68,69,38.864393683324224,-75.06868493282208
69,1.9121995571725816,69,70,38.8686199013194,-75.06818262279305
70,2.0788101079334544,69,71,38.870922688499554,-75.07064623541996
71,2.436135352878711,70,72,38.875148882655814,-75.07014399013639
72,2.562692383759237,70,73,38.877451614766905,-75.0726078690465
73,2.704136112836512,70,74,38.879754293243074,-75.07507189462973
74,2.918174962588689,70,75,38.88205691807656,-75.07753606689612
75,3.213184091214683,71,76,38.88628308538338,-75.07703412572911
76,3.3397471414463737,71,77,38.88858565507648,-75.07949856438324
77,3.543719127941622,71,78,38.890888171102446,-75.08196314975645
78,3.74977304740513,71,79,38.89313478952901,-75.08428827198415
79,3.986833327675749,72,80,38.89727661535447,-75.08364521130451
80,4.138035246162326,72,81,38.899468281285365,-75.08592648465881
81,4.336986236732851,72,82,38.9016300802365,-75.0881761587822
82,4.5334668112739305,72,83,38.90376404367773,-75.0903962912138
83,4.735255759682768,73,84,38.907784241401636,-75.0896938915082
84,4.903819362395583,73,85,38.90987307352029,-75.09187963371814
85,5.095973319337851,73,86,38.91194785962299,-75.09405019951535
86,5.348297011246422,74,87,38.915917012176465,-75.09334847529101
87,5.46266140998304,74,88,38.9179745738503,-75.09551415282455
88,5.650955996174496,74,89,38.92002964286402,-75.09767692577816
89,5.954947415414173,75,90,38.92398224397777,-75.09701348106145
90,6.068688067966716,75,91,38.926036297193,-75.09918904523249
91,6.207164156651531,75,92,38.92809270125866,-75.1013669804224
92,6.399565836162101,75,93,38.9301519842397,-75.1035478624354
93,6.672277395072491,76,94,38.93410399376943,-75.10295584668816
94,6.78608867284596,76,95,38.93616718163422,-75.10515539824829
95,6.973325653738462,76,96,38.93823318800502,-75.10735793205218
96,7.159223076141244,76,97,38.94030173452557,-75.10956315524726
97,7.388616168481213,77,98,38.94425436214749,-75.10904593137806
98,7.534323093897279,77,99,38.94632487798929,-75.11126814650231
99,7.746393834116635,77,100,38.948396986816896,-75.11349207839477
100,7.992479393161542,78,101,38.95234694347848,-75.11303226932807
101,8.108869459451412,78,102,38.95441932639701,-75.11527153585939
102,8.315190175941257,78,103,38.95649256826968,-75.11751174257569
103,8.52627620308509,78,104,38.95856649309437,-75.11975269667492
104,8.711006751376878,79,105,38.96251041536017,-75.11936224781375
105,8.893447807940792,79,106,38.9645832347077,-75.12161713236624
106,9.103267277547758,79,107,38.96665637741725,-75.1238723760872
107,9.31308711023281,79,108,38.968729768169396,-75.12612789527766
108,9.47554241482295,80,109,38.972666178105726,-75.12580557436169
109,9.686029934785505,80,110,38.9747378927319,-75.12807444267618
110,9.905453071648147,81,111,38.978670273015375,-75.1277938845269
111,10.061385687611802,81,112,38.9807402231046,-75.13007603091519
112,10.272513922835222,81,113,38.98281023231909,-75.13235824491858
113,10.497630741804631,82,114,38.98673690802883,-75.132132962226
114,10.650087229565628,82,115,38.98880509805925,-75.13442841617898
115,10.97269590885522,83,116,38.99272819577017,-75.13424560795926
116,11.086434557950131,83,117,38.994794588548686,-75.13655434635433
117,11.24221399678116,83,118,38.99686099352148,-75.13886309910197
118,11.558704427564383,84,119,39.00077901255653,-75.13873648300535
119,11.671884878887457,84,120,39.00284365271607,-75.14105857523387
120,11.835768688263581,84,121,39.004908297337025,-75.1433806727886
121,12.141371940442752,85,122,39.008821622568405,-75.14331080744188
122,12.253996522453608,85,123,39.01088455050541,-75.14564631696004
123,12.431495363893909,85,124,39.012947480011896,-75.14798182837856
124,12.72072948792083,86,125,39.01685652416218,-75.147969277318
125,12.833234357360087,86,126,39.01891779161089,-75.1503182799098
126,13.185294117897344,87,127,39.022824575973345,-75.15035005612282
127,13.53677670326968,88,128,39.02673095715952,-75.15041290774433
128,13.647711561102916,88,129,39.028789073532835,-75.15278913977463
129,13.758651678739103,88,130,39.030847190077125,-75.15516537200959
130,13.869603618830425,88,131,39.03290530672119,-75.15754160430731
131,14.034794779078336,88,132,39.03496342336028,-75.15991783632322
132,14.328772472731334,89,133,39.038863639390755,-75.16006696689622
133,14.450698695352903,89,134,39.040920267106074,-75.1624569321323
134,14.63884615567924,89,135,39.042976892113444,-75.16484688565913
135,14.826743618788981,89,136,39.04503351046305,-75.16723681059958
136,15.057721601364811,90,137,39.04892962660523,-75.16745921050696
137,15.245697103463144,90,138,39.05098476862916,-75.16986275946695
138,15.481693538844167,91,139,39.05488000431524,-75.17013106306136
139,15.667425963823753,91,140,39.05693359627218,-75.17254779187485
140,15.854405558320536,91,141,39.058986992478765,-75.17496373477617
141,16.09428177919692,92,142,39.06287975586585,-75.17529013384936
142,16.27977722873115,92,143,39.06493098683945,-75.17771676628163
143,16.522612023182788,93,144,39.068822235917246,-75.17808522294656
144,16.70810210985787,93,145,39.07087026985599,-75.1805186651485
145,16.951697978741375,94,146,39.07475873203077,-75.18092417261732
146,17.13690830008759,94,147,39.076801756266185,-75.18335799208243
147,17.387120626803927,95,148,39.08068513639366,-75.18379263509576
148,17.565456208596878,95,149,39.08272043287392,-75.18621768811462
149,17.87076874993495,96,150,39.086595384879026,-75.18667073640381
150,18.009034790551368,96,151,39.088619403653375,-75.18907573408188
151,18.175196208635278,96,152,39.09063728658763,-75.19145975775946
152,18.356594393836666,96,153,39.092648195764205,-75.19382013267088
153,18.536847756630877,96,154,39.094651337153465,-75.19615439658564
154,18.715858470652535,96,155,39.096645987569524,-75.19846039375795
155,19.00087749159441,97,156,39.100465310567316,-75.19885826477241
156,19.15715880431987,97,157,39.102437852815804,-75.20111350991226
157,19.31294075094308,97,158,39.104400060737504,-75.20333604487043
158,19.47983134050896,97,159,39.106351665859115,-75.20552548644895
159,19.65175846637033,97,160,39.10829253058432,-75.20768192174559
160,19.822198518824557,97,161,39.11022264084134,-75.20980587183627
161,19.991429725923666,97,162,39.11214209405563,-75.21189823953031
162,20.15906150311862,97,163,39.114051083709896,-75.21396024607574
163,20.325874082397686,97,164,39.115949881809584,-75.21599336178198
164,20.49134097102423,97,165,39.11783882051136,-75.21799923519583
165,20.655270436241114,97,166,39.11971827402116,-75.21997962482179
166,20.82482697234965,97,167,39.121588641659876,-75.22193633653913
167,21.038797203406574,98,168,39.12523053340138,-75.22209894657647
168,21.19909090735976,98,169,39.12707769779495,-75.22401974102637
169,21.358560678554674,98,170,39.128916855899135,-75.22592185788315
170,21.517072898445154,98,171,39.13074839718312,-75.22780686735875
171,21.683759996909075,98,172,39.13257268291389,-75.2296762058439
172,21.867472419471305,98,173,39.134390042588784,-75.23153116656954
173,22.064236194955,98,174,39.13620077224124,-75.23337289700423
174,22.277945869352443,98,175,39.13800513427722,-75.235202401641
175,22.483052656800062,98,176,39.13980335849871,-75.23702054885366
176,22.604852136869155,99,177,39.14332084352269,-75.23711214713352
177,22.778038338702007,99,178,39.145100431647776,-75.23891473526197
178,22.951942941755732,99,179,39.146874371791064,-75.24070781212151
179,23.14091022700765,99,180,39.14864279226514,-75.24249181948836
180,23.32919050314644,99,181,39.150405800954886,-75.24426712008355
181,23.516799013029598,99,182,39.15216348822819,-75.24603400926763
182,23.708347569021498,99,183,39.15391592963448,-75.24779272574801
183,23.973727936180584,100,184,39.15734413241346,-75.24786883312846
184,24.144257618296642,100,185,39.15907923105042,-75.2496165629394
185,24.328949460861946,100,186,39.16080924339643,-75.25135656683688
186,24.513017151702655,100,187,39.16253420908647,-75.25308894261273
187,24.708599767799544,99,188,39.162601339634406,-75.25646921710329
188,24.90601711600898,99,189,39.16432333504305,-75.25818180091485
189,25.09994019018555,99,190,39.16604036893373,-75.25988695987289
190,25.29527837225535,99,191,39.16775246369095,-75.2615847328838
191,25.464177544366738,99,192,39.16945963974489,-75.26327515170209
192,25.613831676353193,99,193,39.171161916056406,-75.2649582427284
193,25.762993991595074,99,194,39.17285931050062,-75.2666340284213
194,25.91166606121009,99,195,39.174551840167695,-75.26830252839503
195,26.142108262206104,100,196,39.17783632266439,-75.26834590405892
196,26.32010944683814,100,197,39.17951220838963,-75.27000451681465
197,26.49751662352659,100,198,39.181183289007556,-75.27165587832582
198,26.644134318922223,100,199,39.182849580932796,-75.27330000338736
199,26.789233591092792,100,200,39.184511100508935,-75.27493690654917
200,26.93314756218246,100,201,39.186167864071756,-75.27656660231744
201,27.075846939411715,100,202,39.18781988799678,-75.27818910529994
202,27.218343182087136,100,203,39.18946718873496,-75.27980443030876
203,27.544301658608006,101,204,39.19265555420831,-75.27983799041868
204,27.684397709810007,101,205,39.194286583059345,-75.28144350142176
205,27.824849071877537,101,206,39.1959129537939,-75.283041864307
206,28.14941817476133,102,207,39.199064153124255,-75.28307851675926
207,28.288702047439013,102,208,39.20067441454688,-75.28466706301184
208,28.593609573048848,103,209,39.203800112625956,-75.28470933149133
209,28.74768578166703,103,210,39.205394383771555,-75.28628804276885
210,28.886369443337493,103,211,39.20698411883058,-75.28785965414761
211,29.160975467056836,104,212,39.21007308685422,-75.28790464716386
212,29.328304290633923,104,213,39.211647010099774,-75.28946642157949
213,29.473777007049197,104,214,39.21321647173833,-75.29102113117163
214,29.610337768869744,104,215,39.21478149130205,-75.29256879435528
215,29.88690362125913,105,216,39.2178228354378,-75.2926135067869
216,30.051647577091092,105,217,39.219372287735446,-75.29415135055595
217,30.32633977251313,106,218,39.22238867673295,-75.2942011445916
218,30.47597688468698,106,219,39.223922697294796,-75.29572915033998
219,30.622254562389948,106,220,39.22545241336498,-75.29725016680652
220,30.760490204031992,106,221,39.22697784564599,-75.29876421383823
221,30.898482635453355,106,222,39.22849901493658,-75.30027131151066
222,31.03610621242509,106,223,39.23001594213139,-75.3017714801158
223,31.173363034362165,106,224,39.23152864822057,-75.30326474015017
224,31.310256379051268,106,225,39.23303715428919,-75.30475111230311
225,31.445435473027448,106,226,39.23454148151667,-75.30623061744527
226,31.57525174495586,106,227,39.23604165117591,-75.30770327661739
227,31.70478482550073,106,228,39.23753768463268,-75.30916911101907
228,31.834036563842005,106,229,39.23902960334478,-75.31062814199792
229,31.96300881577166,106,230,39.24051742886131,-75.31208039103873
230,31.910471758428347,105,231,39.240615749467246,-75.31495441048475
231,32.0400582334707,105,232,39.24210191544108,-75.31638926497925
232,32.167972471220764,105,233,39.24358403229182,-75.31781742369547
233,32.29560375243916,105,234,39.24506212184093,-75.31923890865394
234,32.422953945931134,105,235,39.24653620600629,-75.32065374196091
235,32.55002492902199,105,236,39.24800630680047,-75.32206194579885
236,32.676818587568874,105,237,39.24947244632889,-75.32346354241729
237,32.803336815949294,105,238,39.25093464678778,-75.32485855412378
238,32.929581517024005,105,239,39.25239293046203,-75.32624700327526
239,33.0555546020909,105,240,39.253847319722894,-75.3276289122695
240,33.181414138517276,105,241,39.25529783702575,-75.32900430353689
241,33.30711316625422,105,242,39.25674450490772,-75.33037319953232
242,33.43213501081909,105,243,39.258187345985355,-75.33173562272745
243,33.38734517566303,104,244,39.258326790250166,-75.33447709331344
244,33.5123808649201,104,245,39.25976820809916,-75.33582300122677
245,33.63715111182552,104,246,39.26120584576869,-75.33716252578769
246,33.76165788084647,104,247,39.26263972618916,-75.33849568953224
247,33.88590314501772,104,248,39.264069872366456,-75.3398225149748
248,34.00988888576412,104,249,39.265496307378996,-75.3411430246015
249,34.133617092717834,104,250,39.266919054374696,-75.34245724086388
250,34.09375435099775,103,251,39.26708459453269,-75.34513147110206
251,34.21762181276117,103,252,39.26850602490199,-75.34642966548076
252,34.34123426773691,103,253,39.269923815615094,-75.34772165609564
253,34.46459374025744,103,254,39.27133799012328,-75.34900746525783
254,34.58770226255338,103,255,39.27274857193806,-75.35028711521076
255,34.710561874557044,103,256,39.274155584628254,-75.35156062812476
256,34.83317462366538,103,257,39.27555905181667,-75.35282802609161
257,34.79735552270804,102,258,39.275750171583105,-75.35543719415146
258,34.92017721160097,102,259,39.27715243752377,-75.35668906434188
259,35.04275523207631,102,260,39.27855120814785,-75.35793490825819
260,35.165091669088774,102,261,39.27994650736344,-75.35917474766781
261,35.28718861444609,102,262,39.281338359121584,-75.36040860423286
262,35.25469765163289,101,263,39.281549991826765,-75.36297326937411
263,35.37699868233633,101,264,39.28294071338776,-75.36419195622261
264,35.78805812223458,103,265,39.28666200137884,-75.3627496929045
265,35.903822873751025,103,266,39.28803462945816,-75.36396303510176
266,36.019335232499046,103,267,39.28940395055203,-75.36517047789849
267,36.01485889877838,102,268,39.289618418891344,-75.36768730264593
268,36.13226289721003,102,269,39.290986811979685,-75.36887987612502
269,36.24758282192207,102,270,39.292351950361706,-75.37006663577725
270,36.07798210830108,100,271,39.29145320463801,-75.37387546799579
271,36.1991010407187,100,272,39.29282294864498,-75.37504447836251
272,36.31999830642958,100,273,39.2941894717203,-75.37620778294472
273,36.58738236560025,101,274,39.29666516084464,-75.37605804063674
274,36.70664618640144,101,275,39.29801986346749,-75.37721302412221
275,36.68138671344879,100,276,39.298269960410245,-75.37966366226453
276,36.801424783062906,100,277,39.29962384482552,-75.38080434318513
277,36.921252283204836,100,278,39.300974630843925,-75.38193941724694
278,37.04087141469688,100,279,39.30232234296222,-75.38306890373939
279,37.16028438088514,100,280,39.303667005666675,-75.38419282178172
280,37.27909782697676,100,281,39.30500864342988,-75.38531119032115
281,37.39254005999783,100,282,39.30634728070786,-75.38642402813097
282,37.37664449055321,99,283,39.306621710980934,-75.38881736951606
283,37.49584530835028,99,284,39.30795968539016,-75.38991636520981
284,37.61487352880501,99,285,39.30929471510651,-75.39100990898848
285,37.73370635373952,99,286,39.310626824666414,-75.3920980188855
286,37.84979624081142,99,287,39.31195603857534,-75.393180712748
287,37.96242376607248,99,288,39.31328238130463,-75.39425800823544
288,38.07459572153537,99,289,39.314605877288244,-75.39532992281829
289,38.09021317339874,98,290,39.31490440366939,-75.39766807920918
290,38.205670232403165,98,291,39.31622740325441,-75.39872659585741
291,38.32100021707796,98,292,39.31754761298198,-75.39977980629071
292,38.436675204625246,98,293,39.31886505728984,-75.40082772716359
293,38.55212678458852,98,294,39.32017976056472,-75.4018703749338
294,38.59128096031186,97,295,39.3204975518656,-75.40417101567283
295,38.70194465595759,97,296,39.321811868747005,-75.40520058003082
296,38.81382919229101,97,297,39.3231235023047,-75.40622494283663
297,38.932931660584366,97,298,39.32443247688415,-75.40724411969092
298,39.05180250614446,97,299,39.325738816764606,-75.40825812598997
299,39.09169359447118,96,300,39.32607570756703,-75.41052228854352
300,39.201321467077946,96,301,39.32738177737008,-75.41152351584194
301,39.31480661094347,96,302,39.32868527081712,-75.41251964072976
302,39.433241152741104,96,303,39.32998621209183,-75.4135106777035
303,39.55145371155042,96,304,39.331284625297535,-75.41449664105042
304,39.58885015974688,95,305,39.33164048622832,-75.41672534008674
305,39.69748261670391,95,306,39.332938751443734,-75.41769881753339
306,39.81503822202424,95,307,39.33423454741674,-75.41866728594674
307,39.93284435211875,95,308,39.33552789810715,-75.41963075868645
308,39.974992671826435,94,309,39.335900267614036,-75.42183225809408
309,40.0829185922545,94,310,39.33719356276987,-75.42278347774709
310,40.19724807113637,94,311,39.338484471846435,-75.42372976333911
311,40.31467064673524,94,312,39.33977301861871,-75.42467112727707
312,40.357825993369154,93,313,39.340161791186134,-75.426846055104
313,40.46646511940712,93,314,39.34145037903539,-75.42777539085796
314,40.57992806551542,93,315,39.342736664099256,-75.42869986349854
315,40.6969904907815,93,316,39.3440206699218,-75.42961948446387
316,40.741463963424586,92,317,39.344425762523564,-75.43176845719981
317,40.849486018850065,92,318,39.345709909946585,-75.43267626696257
318,40.963143652587505,92,319,39.34699183782607,-75.4335792804214
319,41.0198742116577,91,320,39.347410781692204,-75.43570976459175
320,41.12417354425692,91,321,39.348692918844044,-75.43660113250347
321,41.231604769834654,91,322,39.349972896426664,-75.43748775697878
322,41.346958462225864,91,323,39.351250737531515,-75.43836964768451
323,41.463366137654546,91,324,39.352526465115005,-75.43924681406905
324,41.50887819485247,90,325,39.35296402974607,-75.44134567528596
325,41.61285439988394,90,326,39.354240110941305,-75.44221143788914
326,41.71933131092836,90,327,39.35551413837044,-75.4430725249355
327,41.78541793206923,89,328,39.35596543546421,-75.44515378353812
328,41.88815144862006,89,329,39.357239890810035,-75.44600361916238
329,41.99330916347263,89,330,39.358512352188825,-75.4468488253584
330,42.09924819793963,89,331,39.359782841952416,-75.44768940976279
331,42.13463253008337,87,332,39.3594509900896,-75.45097268342673
332,42.267444066603964,88,333,39.361521322237074,-75.45057642521391
333,42.37307246473253,88,334,39.36279044165677,-75.45140136206527
334,42.41208262338907,86,335,39.362487155678075,-75.45466649101543
335,42.51352354107084,86,336,39.36376125564275,-75.45547870403907
336,42.58739899657893,85,337,39.364259518769316,-75.45751148888027
337,42.688718742492895,85,338,39.36553425278863,-75.4583129125502
338,42.78982733626018,85,339,39.36680716711331,-75.45910984982865
339,42.86503495399462,84,340,39.367318920169964,-75.46112632591357
340,42.965825328422554,84,341,39.36859255418734,-75.46191260429524
341,43.06640873672283,84,342,39.369864428767855,-75.46269443111642
342,43.1667866847529,84,343,39.37113456523019,-75.46347181053397
343,43.24213430289211,83,344,39.37166234350813,-75.46546619485727
344,43.34235727677451,83,345,39.37293332657817,-75.466233067806
345,43.44237939167129,83,346,39.374202631122266,-75.46699552444576
346,43.54220209283727,83,347,39.37547027787288,-75.46775356786536
347,43.64182680738843,83,348,39.376736287356415,-75.46850720093533
348,43.74566489307404,83,349,39.37800067989044,-75.46925642630929
349,43.81735301188587,82,350,39.378549809481,-75.47121732525395
350,43.917048604616795,82,351,39.37981525384834,-75.47195623392608
351,44.021079252386464,82,352,39.38107913920375,-75.47269076049983
352,44.07146510188382,80,353,39.380943715529284,-75.47585626616399
353,44.1703741932888,80,354,39.382212930077294,-75.47657912535962
354,44.26909461637475,80,355,39.38348064228997,-75.47729764369501
355,44.34735668774572,79,356,39.384062598636234,-75.47923122874539
356,44.44595083601642,79,357,39.38533153040092,-75.47993966773383
357,44.54436052199476,79,358,39.3865990174313,-75.48064378490122
358,44.64269575552036,79,359,39.38786507859928,-75.48134357988066
359,44.72174900044027,78,360,39.388463413629495,-75.48325697204123
360,44.819630379184275,78,361,39.389730829922264,-75.48394679378698
361,44.899421612905456,77,362,39.390340110752135,-75.48585158014762
362,44.9972712759492,77,363,39.391608943352296,-75.4865314954669
363,45.079624008930814,76,364,39.39222917011107,-75.48842779883671
364,45.17527213098007,76,365,39.393499481645215,-75.48909787106808
365,45.27284114172095,76,366,39.39476849899375,-75.48976366245996
366,45.37331847094633,76,367,39.39603623955876,-75.49042517021267
367,45.45565422902126,75,368,39.39667311471637,-75.49230212431186
368,45.5506933896661,75,369,39.3979424736479,-75.4929538695879
369,45.654840549898935,75,370,39.39921060981397,-75.4936013374691
370,45.73698795760266,74,371,39.399861405435686,-75.49546471273234
371,45.838801768515665,74,372,39.40113126231262,-75.49610247882946
372,45.925146568584296,73,373,39.401793123747964,-75.49795786387256
373,46.02340110339726,73,374,39.40306476861975,-75.49858597567986
374,46.12747751102031,73,375,39.40433527993261,-75.49920981805775
375,46.210840269548456,72,376,39.40501121832675,-75.50105198412598
376,46.3150405589255,72,377,39.4062836220787,-75.50166621970433
377,46.40678071830311,70,378,39.40638746097978,-75.50472906688663
378,46.49817035974927,70,379,39.407665926167624,-75.50533272298767
379,46.59839360651998,69,380,39.408369254846306,-75.50716247631283
380,46.68948559210023,69,381,39.4096497541664,-75.5077566325196
381,46.79008324654231,68,382,39.41036427882531,-75.50957889466207
382,46.881031619134994,68,383,39.41164688624118,-75.51016358092242
383,46.981954714647294,67,384,39.412372654188744,-75.51197844861024
384,47.07270999064798,67,385,39.413657445143606,-75.51255369074985
385,47.17411626031081,66,386,39.414394508951126,-75.51436126359161
386,47.264643430665984,66,387,39.415681559739845,-75.51492708307421
387,47.366380532286435,65,388,39.41642997724039,-75.51672745297367
388,47.45672397862328,65,389,39.41771936567847,-75.51728386654723
389,47.5588580279861,64,390,39.41847920279055,-75.51907712467894
390,47.6490239869912,64,391,39.419771007504146,-75.51962414463792
391,47.73899882788337,64,392,39.42106198133221,-75.52016686659468
392,47.84155235401971,63,393,39.42183663422772,-75.52194801130446
393,47.93135688037479,63,394,39.42313013747995,-75.52248133340112
394,48.032850875058564,63,395,39.42442285337675,-75.52301033087346
395,48.123958444208355,62,396,39.425212513967374,-75.52477947190056
396,48.227088284893256,62,397,39.42650787144386,-75.52529905306548
397,48.31856813810531,61,398,39.42730927467312,-75.52706135494006
398,48.42063167001794,60,399,39.428119015458165,-75.5288219385791
399,48.51441329507831,60,400,39.42942059099923,-75.52932704369148
400,48.61419468418312,59,401,39.430242207230954,-75.53108091371777
401,48.71885369645049,58,402,39.4310722187133,-75.53283316443756
402,48.80804693929143,58,403,39.4323802280998,-75.533323806798
403,48.91315235595817,57,404,39.43322226781271,-75.53506946183654
404,49.002666987519675,57,405,39.43453326952967,-75.5355506563484
405,49.10776031929481,56,406,39.435387448113445,-75.537289768661
406,49.201420556394496,56,407,39.43670152729314,-75.53776148567484
407,49.30268920447278,55,408,39.43756795712243,-75.5394941035064
408,49.409141792634756,54,409,39.43844298091531,-75.54122530652359
409,49.49795113864064,54,410,39.439764006650755,-75.54168247739835
410,49.60488048917211,53,411,39.44065147322987,-75.54340727592947
411,49.69872152225512,53,412,39.44197580718704,-75.54385488072835
412,49.82005501698974,51,413,39.44245253001755,-75.54685293732976
413,49.928306160350225,50,414,39.4433661931989,-75.54857388502312
414,50.037003628672196,49,415,39.44428866629863,-75.55029363199377
415,50.12589452844867,49,416,39.44562878483569,-75.55072108853952
416,50.21460680684148,49,417,39.44696848219029,-75.55114390399606
417,50.32387592325553,48,418,39.44790794072101,-75.55285240143348
418,50.43360357419025,47,419,39.4488563911988,-75.55455978343838
419,50.522262489090295,47,420,39.45020391433991,-75.55496776445136
420,50.61086271199608,47,421,39.451551060571845,-75.55537100625332
421,50.721066342288026,46,422,39.452516969936404,-75.55706709951872
422,50.815797344669534,46,423,39.45386798616897,-75.55746043032178
423,50.92101645190388,45,424,39.45484740912664,-75.5591503228525
424,51.021545416563825,45,425,39.456202447538104,-75.55953365887385
425,51.12194673681742,45,426,39.45755725365286,-75.55991213784704
426,51.222227701566005,45,427,39.45891193759294,-75.56028575269616
427,51.32240201452099,45,428,39.460266699046144,-75.56065451170278
428,51.422493392436365,45,429,39.461621877478535,-75.5610184469298
429,51.522449969842064,45,430,39.462978018172244,-75.56137762505978
430,51.621508789874966,45,431,39.4643359531311,-75.56173216025294
431,51.719761120942465,45,432,39.46569689292546,-75.56208222806097
432,51.81735734392735,45,433,39.467062522238116,-75.56242807884175
433,51.914484389011115,45,434,39.46843508885267,-75.56277004863482
434,52.01136958358161,45,435,39.46981747379021,-75.56310856521023
435,52.108282295012685,45,436,39.47121322985658,-75.56344414709491
436,52.205532730768965,45,437,39.472626577356486,-75.56377739385314
437,52.30346751928067,45,438,39.47406234915377,-75.5641089667183
438,52.42334659875525,46,439,39.47582272977023,-75.56314451442184
439,52.52794983111889,46,440,39.47731404584592,-75.56347542669609
440,52.63735523545286,46,441,39.47884444252606,-75.56380673991737
441,52.750014670128905,46,442,39.48041963683643,-75.56413901113912
442,52.88436482079461,47,443,39.48231858304697,-75.56318531943133
443,53.00557393671902,47,444,39.48399246453662,-75.5635214616766
444,53.143809330233445,48,445,39.48598606222611,-75.56257879717236
445,53.289028326376595,49,446,39.488028196056334,-75.56164478292999
446,53.43769264150382,50,447,39.49012017521256,-75.56071931627203
447,53.5731792931669,50,448,39.49202096975267,-75.5610641220656
448,53.722923813142586,51,449,39.494219056982175,-75.56014818259959
449,53.87482877660422,52,450,39.49646449073345,-75.55923911856912
450,54.02989215368692,53,451,39.498754373308785,-75.55833606397199
451,54.187632164968974,54,452,39.50108502540483,-75.55743803262969
452,54.34823215943785,55,453,39.503452146066486,-75.55654394899307
453,54.50414360273734,55,454,39.50565548475636,-75.55687920151024
454,54.672748309518255,58,455,39.508465245697884,-75.55354875442319
455,54.838169876355856,59,456,39.510904329459024,-75.55266705990525
456,55.00293073423891,58,457,39.51301582966985,-75.55418903906846
457,55.17173954717649,61,458,39.51582669864942,-75.55090146669895
458,55.34603843560572,61,459,39.518143956613955,-75.55119997827249
459,55.50726534974365,63,460,39.52077636363599,-75.54912663399548
460,55.67508981524701,64,461,39.52325073310537,-75.54823375606975
461,55.84232958279782,65,462,39.52571983777987,-75.54733638502073
462,56.017743651463405,65,463,39.528056396460165,-75.54758671306891
463,56.18394976123079,66,464,39.530513673502796,-75.54667083323301
464,56.349765371007564,66,465,39.53285062675551,-75.5468902376685
465,56.515033912846405,67,466,39.535286030627844,-75.54595432933559
466,56.67875609538825,68,467,39.53770369233143,-75.54501227629483
467,56.83996200470469,68,468,39.54002065540174,-75.54518457332304
468,57.002727582366425,70,469,39.54248020272417,-75.54310964252714
469,57.162045025664796,71,470,39.544836892401534,-75.54214915898628
470,57.320520744560696,72,471,39.54717145539737,-75.54118271286877
471,57.47658609565121,73,472,39.54948330203355,-75.54021046589138
472,57.64581073313797,73,473,39.551726849174806,-75.540310167641
473,57.81925031963709,73,474,39.55396275711659,-75.54039141371236
474,57.95805533630733,72,475,39.55616545438693,-75.54152724400281
475,58.10659291844498,71,476,39.558379582615764,-75.54263978202111
476,58.27272330966954,70,477,39.56060468734208,-75.54372872550329
477,58.440055934697924,69,478,39.562840340150665,-75.5447937848836
478,58.59509620557732,67,479,39.565108505550555,-75.54690967488298
479,58.76574189438813,66,480,39.567375451814144,-75.54792515211483
480,58.92593188694961,64,481,39.569699662156744,-75.54999284992157
481,59.11038129813908,64,482,39.571937139302605,-75.54988125650517
482,59.28463693121821,63,483,39.574231101847616,-75.55082137484473
483,59.45087585903198,61,484,39.57661585798313,-75.55280828835795
484,59.6202698125947,59,485,39.57903464146615,-75.55476963151925
485,59.7929897575911,57,486,39.58148734184725,-75.55670449282687
486,59.974099878839894,56,487,39.583846840144005,-75.55753360991199
487,60.15200122875335,54,488,39.5863517454669,-75.55941122839823
488,60.331827281788975,51,489,39.58904749089606,-75.56234068379523
489,60.51655196380821,50,490,39.59146102315327,-75.56307821206644
490,60.73585910333307,47,491,39.594253910573016,-75.56594782200527
491,60.94659352112151,45,492,39.596906195786474,-75.56770316135697
492,61.161766880390175,43,493,39.59959073080374,-75.56942489783245
493,61.37851185397352,41,494,39.60230709786485,-75.57111192130861
494,61.566619941627806,40,495,39.604800822163405,-75.57168232907816
495,61.787271808489855,38,496,39.607562732460394,-75.57329788212712
496,62.03711814104278,35,497,39.61064220414746,-75.5759533327657
497,62.25992031865438,33,498,39.61348060521014,-75.57749006877937
498,62.48535636878501,31,499,39.616347872761594,-75.57898632668137
499,62.677039247813944,30,500,39.61890468199655,-75.57937146850549
500,62.87731296868547,28,501,39.62181004146802,-75.5807869672382
501,63.027274670158505,29,502,39.62365384361046,-75.57899368340007
502,63.19911167836516,29,503,39.62582645569313,-75.57824892219375
503,63.3572474323587,30,504,39.62761192184965,-75.57646303481057
504,63.52423114437017,30,505,39.62973470421671,-75.57570253016146
505,63.66883634050355,31,506,39.63146370746974,-75.57392564974643
506,63.82186536860977,32,507,39.63316487079092,-75.57216029722703
507,63.976605726943596,33,508,39.63483885894033,-75.57040660503625
508,64.12948990277069,34,509,39.63648631066606,-75.56866468257283
509,64.28054835366164,35,510,39.638107860905514,-75.56693462306875
510,64.43026113786834,36,511,39.63970411825581,-75.56521650025972
511,64.57777861520749,37,512,39.64127568598482,-75.56351037320181
512,64.73790385959292,39,513,39.64245452724118,-75.56090029139487
513,64.88623232485122,41,514,39.64361488754642,-75.55832686247035
514,65.02990980180394,42,515,39.64511660701493,-75.55667903765479
515,65.17179040597311,43,516,39.64659607951822,-75.55504288316268
516,65.31173398557773,44,517,39.64805381759573,-75.55341839686443
517,65.44978197319905,45,518,39.6494903204625,-75.55180556758374
518,65.58598961587342,46,519,39.65090607345622,-75.55020437066935
519,65.72036373297821,47,520,39.6523015468185,-75.5486147825033
520,65.85296343209443,48,521,39.65367720162432,-75.54703676073134
521,65.98382598221235,49,522,39.655033483315336,-75.54547026009908
522,66.11299290543913,50,523,39.65637082508389,-75.54391523060951
523,66.24049623563945,51,524,39.65768965199992,-75.54237161467198
524,66.36637041204047,52,525,39.65899036982636,-75.54083934665317
525,66.49064942844191,53,526,39.66027338235136,-75.53931836237287
526,66.59434932574396,55,527,39.661189511304215,-75.53703548022716
527,66.71553315549492,56,528,39.66243941653019,-75.53554544635828
528,66.83522342300587,57,529,39.663672780816185,-75.53406630764565
529,66.95359927977029,58,530,39.66488995554459,-75.53259798513056
530,67.0704012800018,59,531,39.66609128400795,-75.53114039620868
531,67.18579784964342,60,532,39.66727709907961,-75.52969345538826
532,67.29981652126835,61,533,39.66844772316574,-75.52825707450182
533,67.4066690384688,62,534,39.66960347058069,-75.52683116160266
534,67.5318070671242,62,535,39.67108410465026,-75.52612402740846
535,67.65580357234887,62,536,39.672550885250565,-75.52541310552412
536,67.752104451422,63,537,39.67366098535956,-75.52400335530257
537,67.89396658694915,62,538,39.6754433626857,-75.52398065871132
538,68.00518308040984,62,539,39.676869302381824,-75.52325950063455
539,68.11564526000811,62,540,39.67828187397654,-75.52253528866879
540,68.22535602084425,62,541,39.679681202654166,-75.52180819330826
541,68.33401167995642,62,542,39.68106741480483,-75.52107837998153
542,68.43777891621518,61,543,39.6827949884256,-75.52100370017573
543,68.5395122015419,61,544,39.68415645447219,-75.52026275489553
544,68.64076227929124,61,545,39.685505117495616,-75.5195196210364
545,68.73974548083497,61,546,39.686841109532644,-75.51877444472893
546,68.82585994631731,60,547,39.68852577868761,-75.51866115368537
547,68.92599803616909,60,548,39.68983762768795,-75.51790636158212
548,69.02429221244034,60,549,39.69113714162397,-75.51715000180704
549,69.11971441930422,60,550,39.692424455825744,-75.51639220201602
550,69.2096178831457,59,551,39.69406651913395,-75.51624373393787
551,69.3053519042063,59,552,39.695330372342234,-75.51547770055242
552,69.3992797711448,59,553,39.69658237715457,-75.51471064912903
553,69.48956267416995,58,554,39.698193598874894,-75.51453656437661
554,69.5825244656703,58,555,39.69942266112115,-75.51376225654406
555,69.67469080348036,58,556,39.70064023530844,-75.51298731479521
556,69.76628142366012,58,557,39.70184645837274,-75.51221183705545
557,69.85730003350473,58,558,39.70304146654755,-75.511435917411
558,69.9477504368475,58,559,39.70422539530227,-75.51065964620885
559,70.03763652746862,58,560,39.70539837928536,-75.50988311015553
560,70.12776024874971,59,561,39.7061881567647,-75.50854998191961
561,70.21634117628962,59,562,39.707339606107,-75.50777825776436
562,70.30437413556979,59,563,39.70848054523681,-75.50700644518537
563,70.39186322088993,59,564,39.70961110349028,-75.50623461777484
564,70.47881258900419,59,565,39.710731409202594,-75.5054628459786
565,70.56533034508338,58,566,39.71221386741827,-75.5052227532368
566,70.65295841152059,52,567,39.715595231553735,-75.50760512237466
567,70.74273142398842,51,568,39.71707185516077,-75.50732169942259
568,70.81407237665529,52,569,39.71776259214323,-75.50599671402534
569,70.91655188859131,50,570,39.719608114176154,-75.50621687599372
570,70.99573523822642,50,571,39.72066645853054,-75.5054054064933
571,71.08617293083937,49,572,39.72210589054712,-75.5050969880299
572,71.14347533278011,52,573,39.721980698861316,-75.50278975715705
573,71.2208461494899,51,574,39.723397021298446,-75.50248390737842
574,71.30173675117115,51,575,39.724418328596286,-75.50168111638892
575,71.43072746287469,44,576,39.72817879904998,-75.50426529385432
576,71.50823072523995,46,577,39.72838335730614,-75.50247751939608
577,71.59640814210944,45,578,39.72976996804144,-75.50213152089206
578,71.68570645045357,42,579,39.731947524131215,-75.50271705749269
579,71.7681148721015,43,580,39.73251848619168,-75.50141796194185
580,71.8457922001802,43,581,39.73348149577528,-75.50058977465646
581,71.93250278625288,42,582,39.73483414536227,-75.5002202628098
582,72.00549177616708,42,583,39.73577956840811,-75.49939158950181
583,72.0913901352577,41,584,39.73711500942886,-75.49901337839674
584,72.17695739773747,40,585,39.73844242524037,-75.49862884458862
585,72.24847735724067,40,586,39.73936179391362,-75.4977980604306
586,72.33323876836276,39,587,39.74067239532128,-75.49740557635903
587,72.41766904681346,38,588,39.74197510434634,-75.49700719841212
588,72.50176643193083,37,589,39.74326994837873,-75.49660308107102
589,72.57138900954898,37,590,39.74415561976813,-75.49576940382093
590,72.64053430994667,37,591,39.74503388335775,-75.49493786060786
591,72.70920870676437,37,592,39.74590484770261,-75.4941084500743
592,72.7774184588744,37,593,39.746768619659186,-75.49328116978756
593,72.84516976009449,37,594,39.747625304411585,-75.4924560162874
594,72.91246872980038,37,595,39.748475005497674,-75.49163298513156
595,72.96519613095109,38,596,39.748924259351824,-75.49040807200156
596,73.0315954309041,38,597,39.74976129943944,-75.48959250732945
597,73.14030390527775,35,598,39.75177091757427,-75.48997023723604
598,73.16309900945458,38,599,39.751415418054016,-75.48796754034434
599,73.22821361098092,38,600,39.75223268873867,-75.48715812279052
600,73.29291184138981,38,601,39.75304355930558,-75.48635073774683
601,73.400043053581,35,602,39.75501526777834,-75.48669970822434
602,73.44956395608041,36,603,39.75542115632929,-75.48550613121094
603,73.48456329640618,38,604,39.755438687196616,-75.48394067923589
604,73.58907810377421,35,605,39.75738309512978,-75.48426935811773
605,73.65116026055907,35,606,39.75816038774095,-75.48346346655927
606,73.72237020903253,34,607,39.759318629033864,-75.48302909431762
607,73.7830989546412,34,608,39.76008330983878,-75.4822246157399
608,73.8440027252789,34,609,39.760842320174355,-75.48142223511931
609,73.90510239504064,34,610,39.7615957425023,-75.48062193580249
610,73.96641814133373,34,611,39.76234365799107,-75.47982370072252
611,74.02870018518205,35,612,39.76270428846621,-75.47867143536182
612,74.09627393415865,35,613,39.763442391397184,-75.47787983184476
613,74.15169681743907,34,614,39.764555156262524,-75.47744120448351
614,74.21415042693441,34,615,39.76528183112976,-75.47665104814209
615,74.27770415840584,34,616,39.76600338650067,-75.47586286520018
616,74.34153362722036,34,617,39.76671989630364,-75.4750766365033
617,74.40512759342967,34,618,39.7674314333311,-75.47429234260154
618,74.46848897080034,34,619,39.76813806925488,-75.47350996376468
619,74.52095485680813,33,620,39.76921538460637,-75.47306567883558
620,74.58441349711758,33,621,39.769911524294876,-75.47228479874423
621,74.64772511118917,33,622,39.77060298132104,-75.47150580566768
622,74.7108221082744,33,623,39.771289823111985,-75.47072867842154
623,74.77370723375192,33,624,39.771972116045085,-75.4699533956419
624,74.82404341461351,32,625,39.77302203304149,-75.4695046842431
625,74.88662598960249,32,626,39.773694554698636,-75.46873091790616
626,74.94900319546878,32,627,39.77436273120924,-75.46795896129639
627,75.01117775667524,32,628,39.775026625033796,-75.46718879204894
628,75.07315238377413,32,629,39.77568629769912,-75.46642038770342
629,75.13492977374007,32,630,39.77634180982349,-75.46565372570714
630,75.19651261046798,32,631,39.776993221139016,-75.46488878341476
631,75.25790356534527,32,632,39.777640590509975,-75.4641255380854
632,75.31910529777201,32,633,39.77828397594675,-75.463363966879
633,75.3801204555723,32,634,39.7789234346151,-75.46260404685296
634,75.44109275768537,32,635,39.77955902284183,-75.46184575496113
635,75.50263317857599,32,636,39.78019079611733,-75.46108906805588
636,75.56396059355434,32,637,39.780818809096786,-75.46033396289467
637,75.62507808743842,32,638,39.781443115601554,-75.45958041615063
638,75.68598871995955,32,639,39.78206376862238,-75.4588284044276
639,75.75324664575898,33,640,39.78232060189959,-75.45778179049941
640,75.81293797333232,33,641,39.78293480776627,-75.45703447650746
641,75.87246472766573,33,642,39.7835455030229,-75.45628860298561
642,75.93182941038432,33,643,39.784152737452814,-75.45554414681632
643,75.99103450673796,33,644,39.78475656009108,-75.4548010848893
644,76.05926469156604,34,645,39.785000976795104,-75.45377121988874
645,76.11792226466139,34,646,39.78559875752682,-75.45303246329784
646,76.17640668769268,34,647,39.78619325830178,-75.45229500928849
647,76.23472063979548,34,648,39.78678452540354,-75.45155883511744
648,76.29707151214004,35,649,39.787019773940216,-75.45054167115546
649,76.35498946608749,35,650,39.78760529313268,-75.4498094921009
650,76.41274567665984,35,651,39.788187702775176,-75.44907850335294
651,76.47439707278312,36,652,39.788416631440825,-75.4480706173875
652,76.53177629868973,36,653,39.788993493066634,-75.44734338784238
653,76.589002257948,36,654,39.789567363675346,-75.44661726047292
654,76.6499846298706,37,655,39.78979013120982,-75.44561818063985
655,76.70685202559896,37,656,39.790358643031986,-75.44489558183051
656,76.76357435251525,37,657,39.79092427665036,-75.44417399841979
657,76.82391024734846,38,658,39.791141028770205,-75.44318326951768
658,76.88029200741184,38,659,39.791701482356295,-75.4424649896417
659,76.93653666241973,38,660,39.79225916487506,-75.44174763988507
660,76.99626031614342,39,661,39.79247003361828,-75.44076481705096
661,77.05218121331161,39,662,39.793022704027315,-75.44005055167214
662,77.10797270948251,39,663,39.793572704999214,-75.43933713279098
663,77.16363711423789,39,664,39.7941200727203,-75.43862453865479
664,77.21917671934875,39,665,39.79466484279152,-75.43791274750103
665,77.280845203556,41,666,39.79452460289268,-75.43668101199773
666,77.33584704086613,41,667,39.79506498663527,-75.43597318722743
667,77.38801055009587,42,668,39.79526318456889,-75.43500787444312
668,77.44432375859144,42,669,39.79579889139057,-75.43430262724411
669,77.50050893291058,42,670,39.796332138880885,-75.43359802711363
670,77.5565683800533,42,671,39.79686295909388,-75.43289405294695
671,77.61186049925269,44,672,39.796716126632255,-75.43168321827267
672,77.66758183395848,44,673,39.79724272344986,-75.43098270272048
673,77.72318491382605,44,674,39.79776696545406,-75.43028272061406
674,77.77867197029066,44,675,39.79828888256329,-75.42958325070347
675,77.83357712154597,45,676,39.798472675488256,-75.42863482717081
676,77.88879295386207,45,677,39.798990252924625,-75.42793739836353
677,77.94331224030249,45,678,39.79950559146537,-75.42724038991363
678,77.99739443757065,46,679,39.79968403978251,-75.42629744680497
679,78.05245177072534,46,680,39.80019522133706,-75.42560218600737
680,78.10622787620738,47,681,39.80037049020419,-75.42466283708538
681,78.16106478772485,47,682,39.80087778592208,-75.42396888231781
682,78.2133504298556,49,683,39.80071767952826,-75.42279007961818
683,78.26180180194727,52,684,39.800227522353914,-75.42137311934724
684,78.31645115034041,52,685,39.800730687588846,-75.42068267489917
685,78.36775446060417,54,686,39.80057290225393,-75.41951158042264
686,78.42073973274728,55,687,39.80074567916273,-75.4185807018107
687,78.47402951931055,55,688,39.80124792647037,-75.41788615098318
688,78.52607750504443,56,689,39.801422520064236,-75.4169506196236
689,78.5815735138011,56,690,39.80192756440246,-75.41624700490547
690,78.63533578281829,57,691,39.80210730691009,-75.41530169973828
691,78.69182345981227,57,692,39.80261886532905,-75.41458337327282
692,78.74673447656302,58,693,39.80280764990736,-75.413622300556
693,78.80237913499255,59,694,39.80300266679652,-75.41265154782354
694,78.86044701705741,59,695,39.80353143237423,-75.41190020813264
695,78.91862002019082,59,696,39.80406770146254,-75.41113439291146
696,78.9769497207527,60,697,39.80428551271538,-75.41012455228636
697,79.0391131522358,60,698,39.80483864680883,-75.40932773905057
698,79.12306635175894,53,699,39.80769670781614,-75.41009824219762
699,79.1852402550291,54,700,39.80793889112905,-75.40903426928234
700,79.25129763372846,54,701,39.80851945324929,-75.40817920518985
701,79.31577494654957,55,702,39.80877998437766,-75.40708380095845
702,79.38355183588205,55,703,39.809377816870615,-75.40619594626052
703,79.45314396741226,55,704,39.80998352195149,-75.40529213533122
704,79.52377330938933,55,705,39.81059642767062,-75.40437326380393
705,79.56132576151006,64,706,39.8082716202663,-75.4014716761912
706,79.63717951115558,63,707,39.80922148093788,-75.40075307331686
707,79.71014760739581,63,708,39.80985049461731,-75.39980403662288
708,79.77996493582926,64,709,39.81015742469222,-75.39862896377392
709,79.84042479142698,65,710,39.81046750116455,-75.39744652831016
710,79.84924041246322,67,711,39.81045462176049,-75.3960447210653
711,80.02412912971725,59,712,39.81370734063767,-75.39676169806683
712,80.0998945683869,59,713,39.814349103226455,-75.39576598877412
713,80.17595169969586,59,714,39.814991358566914,-75.39476465522766
714,80.25224342012022,59,715,39.81563360705599,-75.39375843347366
715,80.32347262570171,60,716,39.81594671902171,-75.39253936497693
716,80.35378031925497,62,717,39.815930427417435,-75.39111099529853
717,80.44688942354463,61,718,39.816898105725606,-75.39030283982136
718,80.49935355047387,63,719,39.81687827288195,-75.3888729559116
719,80.59251343453906,62,720,39.817842882382244,-75.38805815731752
720,80.71267550233506,59,721,39.819467047473005,-75.38764758531751
721,80.7947888028875,58,722,39.82043139776086,-75.38682347054996
722,80.81721508340611,63,723,39.81940864510639,-75.38478071239477
723,80.85894059035184,67,724,39.818715151561626,-75.38294865090384
724,81.02099843096364,59,725,39.82198831162172,-75.38352416052984
725,81.07097364638447,63,726,39.821283658722706,-75.3816884255829
726,81.16983111143978,60,727,39.82290261345385,-75.38125029881124
727,81.24686602417357,60,728,39.8235223651879,-75.38021053510884
728,81.31601254168818,62,729,39.82347087513328,-75.3787736055156
729,81.39663005583617,61,730,39.82441924258967,-75.37792724865247
730,81.47359984343178,61,731,39.825030729850624,-75.37688108197887
731,81.55059149431689,61,732,39.825639530776904,-75.37583230161403
732,81.62363098729897,62,733,39.825908031537814,-75.37458703813286
733,81.69988540404965,62,734,39.82651025633786,-75.37353364988437
734,81.78171797899591,61,735,39.82744882356826,-75.37266915399331
735,81.85890870775818,61,736,39.82804582431509,-75.37160879686303
736,81.93117963490425,62,737,39.82829815891387,-75.37035558987631
737,82.00830606633555,62,738,39.82888739209466,-75.36928994077866
738,82.09058478645213,61,739,39.829816498221625,-75.3684083494189
739,82.17240226782074,60,740,39.83074439098259,-75.36752123574479
740,82.26863727652244,57,741,39.83236548935363,-75.36700054246197
741,82.3460850010779,57,742,39.83294491849735,-75.36591438694869
742,82.39780711343981,61,743,39.832123063362694,-75.36409282915263
743,82.48123612664216,60,744,39.83303824072514,-75.36318570962277
744,82.56489168796782,59,745,39.83395136864072,-75.36227207446231
745,82.64814090330476,58,746,39.83486225404624,-75.3613516718523
746,82.73297467136364,57,747,39.835770678487215,-75.36042424519471
747,82.83077490567769,55,748,39.83703389544206,-75.35966517672557
748,82.89510923020012,56,749,39.83722034663463,-75.35837368118318
749,82.98044860392298,55,750,39.838117827711514,-75.35742537600078
750,83.05767580880672,55,751,39.838649642096655,-75.35629955827754
751,83.10827428626457,58,752,39.83808927461112,-75.35467052675591
752,83.1844391526908,58,753,39.83860304940857,-75.35354468404086
753,83.26753088520296,57,754,39.83947200727964,-75.35257688206892
754,83.34247576752414,57,755,39.83997093156292,-75.35144238932418
755,83.41720700725621,57,756,39.840461437704526,-75.35030513337882
756,83.49169968190385,57,757,39.84094322610469,-75.34916537689944
757,83.56592829071428,57,758,39.841416010967784,-75.34802340643984
758,83.64792154391851,56,759,39.84224708642718,-75.34702673156022
759,83.7217122583714,56,760,39.84270153674582,-75.34587817145061
760,83.79515930427516,56,761,39.84314611817762,-75.34472831482385
761,83.87683129408316,55,762,39.843950271751666,-75.3437152576157
762,83.94967643798094,55,763,39.844374623423064,-75.342560605333
763,84.02209610789664,55,764,39.844788420612495,-75.34140577400689
764,84.09504853232998,54,765,39.84556224353884,-75.34037868868087
765,84.1599955151218,55,766,39.84558385917664,-75.33909726159209
766,84.22412782113115,54,767,39.84633534502489,-75.33806493911564
767,84.2892551727753,54,768,39.84670537158558,-75.33691012737306
768,84.35412579273518,54,769,39.84706436843551,-75.33575727542521
769,84.41871775047491,54,770,39.84741236640983,-75.33460681423743
770,84.48301006668407,54,771,39.847749428207486,-75.33345916507524
771,84.55748486970737,53,772,39.848442620250566,-75.33241743198901
772,84.62975775710537,53,773,39.84875689114238,-75.33127318299316
773,84.70120108171086,53,774,39.849060472813655,-75.33013297655773
774,84.77180877518843,53,775,39.849353547111,-75.3289971760763
775,84.85915686786639,52,776,39.84999873354847,-75.32795490681703
776,84.87550661089472,55,777,39.84919058204491,-75.32656733172087
777,84.92610262993827,56,778,39.849100891288145,-75.32536870258934
778,85.01070505347329,55,779,39.849713848030994,-75.32434385612572
779,85.07708073716735,55,780,39.84996162620567,-75.3232405338818
780,85.14264877635696,55,781,39.85020052409585,-75.32214310702456
781,85.19785307444705,56,782,39.850082280232456,-75.32097893847825
782,85.25246635720538,57,783,39.8499605609213,-75.31982558755223
783,85.29299894338844,59,784,39.84949356114491,-75.31861325569213
784,85.38641716172475,57,785,39.85038894706029,-75.31768446234224
785,85.43885099313673,58,786,39.85025309067512,-75.31655916828323
786,85.49063296281132,59,787,39.850114968244,-75.31544412229822
787,85.54178671802138,60,788,39.84997481519225,-75.31433909757851
788,85.60564533558154,60,789,39.850163541341765,-75.31330369186053
789,85.65555113083138,61,790,39.85001734406925,-75.31221669661032
790,85.7048987678393,62,791,39.84986976176256,-75.31113908581258
791,85.75370526178318,63,792,39.84972096005106,-75.31007060792439
792,85.81510984241926,63,793,39.84989220290554,-75.30906537273296
793,85.813290708581,69,794,39.84815054831605,-75.30774092470358
794,85.86948527591696,69,795,39.84832240397943,-75.30675698131542
795,85.92526195893619,69,796,39.848489384913584,-75.30577840837651
796,85.97371653519238,70,797,39.84834068232763,-75.30475353767795
797,86.06194732661545,67,798,39.84942966079547,-75.30393588795326
798,86.09619266394613,68,799,39.84927144441138,-75.30292248608242
799,86.14458269937415,68,800,39.84941949932808,-75.30196331161784
800,86.17915057743004,72,801,39.84834597848562,-75.30082243226136
801,86.226258526086,73,802,39.84819063254938,-75.2998309075019
802,86.2796495417501,73,803,39.84833524807676,-75.29889165828577
803,86.33271625537988,73,804,39.84847650804889,-75.29795668879689
804,86.37882478850788,74,805,39.848316924462395,-75.29698186492584
805,86.42409198678577,75,806,39.84815715931618,-75.2960125186217
806,86.46946837438776,76,807,39.84799720688721,-75.29504838295304
807,86.52152083994827,76,808,39.848130339943566,-75.29413162946405
808,86.55944125888979,78,809,39.8476766788289,-75.29313466683347
809,86.60406422307022,79,810,39.84751606208537,-75.29218455520672
810,86.65536032415616,79,811,39.84764478110085,-75.29127964096952
811,86.68462446322813,82,812,39.846905656471925,-75.29025563290514
812,86.72851875349504,83,813,39.84674509513362,-75.28931761981136
813,86.77928081180889,83,814,39.84687051748132,-75.2884229646847
814,86.81574917340828,85,815,39.84642255266539,-75.28745140604826
815,86.90174889607475,80,816,39.84797234566152,-75.28675510364528
816,86.94481684551434,81,817,39.847805534101695,-75.28582693080929
817,87.00790174502329,79,818,39.84849243478169,-75.28501334172911
818,87.03079465376305,83,819,39.84747132785914,-75.28397755714388
819,87.00298321577642,94,820,39.844476757034485,-75.28268010033779
820,87.10213038417506,87,821,39.84657031748907,-75.28206196916871
821,87.1518620038543,87,822,39.84668523941919,-75.28118063584267
822,87.19441958260688,88,823,39.846516873556546,-75.28026351448462
823,87.21558563177827,92,824,39.845502231167146,-75.27923872143566
824,87.26510192388156,92,825,39.84561477334765,-75.2783600543443
825,87.32885797477238,90,826,39.846290204517466,-75.27755278387716
826,87.3855053388448,89,827,39.84668335220697,-75.27670908843483
827,87.41355007935958,92,828,39.84594793727623,-75.27572325412862
828,87.46303743770602,92,829,39.846057946916524,-75.27484359358677
829,87.51972249129906,91,830,39.84645003418142,-75.273998529234
830,87.55973221661435,92,831,39.84627718197309,-75.27308238441871
831,87.61886277736467,91,832,39.84666957282449,-75.27223574663611
832,87.68289088756397,89,833,39.8473458335142,-75.27142377747424
833,87.73260620629502,89,834,39.847456641801,-75.270540243141
834,87.78958134616374,88,835,39.847851712248016,-75.26969145078306
835,87.76483593023531,94,836,39.846257659456924,-75.26859178888385
836,87.87407211502841,90,837,39.84750748818,-75.26784660902841
837,87.90621337894756,91,838,39.847335041745424,-75.2669215979198
838,87.9204989250684,92,839,39.84716235901444,-75.26599460767841
839,88.02979411920359,89,840,39.848135057787054,-75.26521264152626
840,88.0709028162885,89,841,39.84825153085037,-75.26431935350104
841,88.11218442073961,89,842,39.84836930492809,-75.26342428515835
842,88.15365253204891,89,843,39.84848850467249,-75.26252735088585
843,88.21850922345378,88,844,39.848897730375306,-75.2616675555204
844,88.26042710526043,88,845,39.849020814512166,-75.26076720930286
845,88.30257258867735,88,846,39.84914572746439,-75.25986480298407
846,88.36683311779126,87,847,39.849562892852745,-75.25900138856008
847,88.41641527794972,86,848,39.8499833300449,-75.25813738845657
848,88.4538528733974,87,849,39.849824455058844,-75.25718708258532
849,88.49584683459604,87,850,39.84995871928317,-75.25627653913392
850,88.51211271931832,88,851,39.849802235234485,-75.25531951337084
851,88.63557627411326,79,852,39.852576721384274,-75.25481711476107
852,88.68481647449869,79,853,39.85272476154162,-75.25390681528647
853,88.7342242586663,79,854,39.85287581163734,-75.25299436514172
854,88.78690651088863,78,855,39.85332348061507,-75.25212979590177
855,88.8366222799009,78,856,39.853481648577926,-75.2512139929356
856,88.87740297817798,81,857,39.85275736970243,-75.25013991631603
857,88.93955015237694,77,858,39.854103613093315,-75.2494293202495
858,88.99265709550247,76,859,39.85456874123207,-75.24856301755591
859,89.00942256106387,83,860,39.85265986745357,-75.24725152087859
860,89.07169026675162,81,861,39.85343115560455,-75.24643037578807
861,89.0390626748882,85,862,39.8524068855623,-75.24526773504796
862,89.19525256169355,76,863,39.85528903674193,-75.24485968937616
863,89.14487721565442,84,864,39.85307213047319,-75.24344168437847
864,89.23669486871798,82,865,39.85386694814593,-75.242619111354
865,89.30355944524472,81,866,39.85436498825533,-75.24173722335287
866,89.34551215840587,81,867,39.85456524882554,-75.24079089284092
867,89.3879579351757,81,868,39.854770295411186,-75.23984195850002
868,89.45639234335378,80,869,39.855285539155375,-75.23895866448493
869,89.5385641230909,78,870,39.85611202767913,-75.23814668275139
870,89.59288579470216,78,871,39.856334625729765,-75.23719485531244
871,89.64890326022508,78,872,39.85656247483173,-75.2362404778888
872,89.70687042730717,76,873,39.85740909756766,-75.23543536115622
873,89.7631798542466,76,874,39.857649391320365,-75.23447937239575
874,89.81971896706318,76,875,39.857895240370695,-75.23352085089965
875,89.87589581086519,77,876,39.85783784641303,-75.23247835342929
876,89.93349550222094,76,877,39.858403949410885,-75.2315961439092
877,89.99216471701406,72,878,39.859903126063855,-75.23097315154885
878,90.04905339078684,73,879,39.85986635865734,-75.22992382339856
879,90.10663818546965,72,880,39.86045343641918,-75.22904815159502
880,90.1642492864506,71,881,39.861047551410294,-75.22817403578463
881,90.09523400138002,83,882,39.857567709447565,-75.22609503862842
882,90.17950848221426,82,883,39.85817311140084,-75.22519514493172
883,90.23941218527183,82,884,39.858466940188386,-75.22420138506786
884,90.3249181936899,81,885,39.85908654130692,-75.22330222535976
885,90.38610003297578,81,886,39.85939349009154,-75.2223050337256
886,90.51151576127693,65,887,39.86476272976947,-75.22296260817582
887,90.57053681909201,64,888,39.86540735394864,-75.22209945668052
888,90.62966160299369,63,889,39.86605930428773,-75.2212377436883
889,90.68705473078106,63,890,39.866406490400756,-75.22026494644673
890,90.7499398636427,60,891,39.8676969724604,-75.21963335022411
891,90.8076955958937,60,892,39.86805908700565,-75.2186604840814
892,90.86542970809049,60,893,39.868427136914,-75.21768457715898
893,90.92260563549424,61,894,39.86848629991501,-75.2165849451693
894,90.99746203100376,58,895,39.86981028335346,-75.21596940242569
895,91.05849074315883,58,896,39.87019745796407,-75.214987732727
896,91.10469481650507,62,897,39.869320376350466,-75.21349847564667
897,91.16669951014957,62,898,39.86971421785099,-75.21250374343745
898,91.23249987786117,61,899,39.870433291375676,-75.21163490348788
899,91.29419243209095,62,900,39.87051695585065,-75.21050539805141
900,91.36046107572294,61,901,39.87124748567867,-75.20963375526544
901,91.42486046689581,61,902,39.87166138542908,-75.2086288384007
902,91.4914987086435,60,903,39.8724028913596,-75.2077560147192
903,91.55637506595465,60,904,39.87282589467298,-75.20674687498143
904,91.635828236895,57,905,39.874225584144135,-75.20614852132036
905,91.69727226174469,57,906,39.87465823390246,-75.2051374089373
906,91.76381856680712,57,907,39.875093940232546,-75.20412371786622
907,91.83960589048087,56,908,39.87585848352848,-75.20324877216188
908,91.90142935101066,56,909,39.87630014866018,-75.20223125628357
909,91.96467523463899,57,910,39.87641663305939,-75.20106916864012
910,92.0319621350635,57,911,39.87686181351967,-75.20004728369443
911,92.13209167541852,54,912,39.87829303760288,-75.19945518279039
912,92.21850903667345,53,913,39.87907061883059,-75.19857624307883
913,92.27888037664222,53,914,39.87952110207519,-75.19755225921408
914,92.33931110330892,53,915,39.87997210356661,-75.19652760010439
915,92.39977321538893,53,916,39.88042339859778,-75.19550267099979
916,92.48642111905998,52,917,39.88120333102493,-75.19462261003645
917,92.54684762705483,52,918,39.88165437930862,-75.19359836849138
918,92.63335272037135,51,919,39.882432971885315,-75.1927195175769
919,92.61958143405118,61,920,39.87960976649746,-75.19024641214735
920,92.68407583895029,62,921,39.87973939598347,-75.1890799158556
921,92.74853863087459,63,922,39.879871455724064,-75.18791520862163
922,92.81296440652119,64,923,39.88000632354489,-75.1867525779007
923,92.87734967536261,65,924,39.88014438944768,-75.18559228061895
924,92.94169269124944,66,925,39.88028605538453,-75.18443454627416
925,93.00710096196693,64,926,39.88139587242659,-75.18372907748642
926,93.07142434994076,64,927,39.88186163012606,-75.18272991434432
927,93.13482570186987,67,928,39.8813741880815,-75.18128305288357
928,93.19880861690804,68,929,39.88153142008317,-75.18013978306689
929,93.26927424500755,68,930,39.8820095186323,-75.17915398079518
930,93.32680874843409,71,931,39.88154910194003,-75.17770772291436
931,93.39175666680232,72,932,39.88172609312816,-75.1765734170034
932,93.48569277206789,71,933,39.88253090436459,-75.17576050862795
933,93.54795021895842,73,934,39.882410590825586,-75.17447591336341
934,93.60781553204819,75,935,39.882301657024236,-75.17318994372462
935,93.67185700329249,77,936,39.88220480761785,-75.17190183144965
936,93.72836943219318,80,937,39.88181603744393,-75.17044096090379
937,93.80277481974848,81,938,39.88205067591472,-75.16931546150356
938,93.85078926067077,86,939,39.88108654043135,-75.16748414274929
939,93.91904576543214,88,940,39.88105073713372,-75.16616656913959
940,93.99206207522414,92,941,39.88042736864555,-75.16446838014627
941,94.0647684472506,95,942,39.88012719470952,-75.16293319760521
942,94.13915728141248,98,943,39.87984863246172,-75.1613767371017
943,94.2127806844751,100,944,39.87989614028685,-75.15999753172288
944,94.28790489385231,102,945,39.87996833749991,-75.15860204526479
945,94.36153260678535,103,946,39.88036758628814,-75.1573982341533
946,94.44142398594192,106,947,39.88019556063243,-75.15575560992059
947,94.51692647077397,108,948,39.88035509345621,-75.15430179136905
948,94.59331632383106,111,949,39.88024980142185,-75.15259930630609
949,94.67532656931867,112,950,39.88077729895747,-75.15132774946858
950,94.75729391691073,115,951,39.880748382949704,-75.1495672108511
951,94.83752735079261,117,952,39.881057170610966,-75.14801632029605
952,94.9222902660451,119,953,39.8814084080918,-75.14644277480366
953,95.01447396145595,120,954,39.88209448558536,-75.145108158867
954,95.07152352888309,121,955,39.88282029684559,-75.14376754633892
955,95.13244774356374,122,956,39.88358616160096,-75.14242345125716
956,95.22709093505598,122,957,39.884668099367865,-75.14135691689461
957,95.32460630595206,122,958,39.88577806227705,-75.14030358250501
958,95.48581871093317,119,959,39.887696667394124,-75.14011786864768
959,95.5947277386023,120,960,39.888583635374324,-75.13882366006126
960,95.69333994358959,119,961,39.88999826059127,-75.13812087344905
961,95.80125594429161,119,962,39.89117906486549,-75.1371524074545
962,95.897037009456,118,963,39.892608636841324,-75.13649995742645
963,96.02449291814774,125,964,39.89222893452821,-75.13346748535368
964,96.13149289543738,120,965,39.8945961633571,-75.13408221050656
965,96.235544042367,120,966,39.89583835840967,-75.13320470878233
966,96.37734444566708,123,967,39.89647153204751,-75.1314336285185
967,96.45275604701659,121,968,39.89814546332301,-75.13121760963665
968,96.55285778259095,121,969,39.89941140373013,-75.13041189830082
969,96.6311493619542,115,970,39.901801896012365,-75.13144136298844
970,96.77022372221641,118,971,39.902491911447115,-75.12977932703441
971,96.87243255800367,120,972,39.90338883079888,-75.12843218913511
972,96.90921086189671,112,973,39.90603165588654,-75.13009895565999
973,97.10491843835706,120,974,39.905900731967456,-75.12700435615525
974,97.08569498461098,108,975,39.90914530825107,-75.1298590921941
975,97.18182787023854,107,976,39.91051901775306,-75.12946111187975
976,97.2795876031692,104,977,39.912212936168544,-75.12964929810259
977,97.40694266765571,98,978,39.91438029687683,-75.13070122217789
978,97.51250452711511,100,979,39.915251689020295,-75.1294591064287
979,97.64696909935131,88,980,39.91835849131927,-75.13223791190211
980,97.76459805188702,86,981,39.91987004140232,-75.13215606707737
981,97.88267130641589,84,982,39.92138796145264,-75.13207752393849
982,98.12159781973924,65,983,39.92554121370091,-75.13702933917185
983,98.24945332881961,61,984,39.927394705260866,-75.13762495801487
984,98.37843341086409,57,985,39.92927421645933,-75.1382506571272
985,98.50580477534493,54,986,39.93103850291645,-75.13858715807838
986,98.61621032850562,51,987,39.93284067918059,-75.1389403720274
987,98.7282345559014,48,988,39.93468674925044,-75.13930901300284
988,98.8479833777593,46,989,39.93642439903991,-75.13934356728785
989,98.97124556633672,44,990,39.938207163896955,-75.13937018773244
990,99.08623820827711,42,991,39.94003793978894,-75.13938419286175
991,99.21313690488171,41,992,39.94173686763958,-75.13901048383593
992,99.3363039173837,39,993,39.94366059194964,-75.1389750965761
993,99.46765586426194,38,994,39.94543258642889,-75.13852802378025
994,99.59338267540186,36,995,39.94744944035499,-75.13841994218113
995,99.72630123636334,35,996,39.949287269780704,-75.13787819927208
996,99.86393281546043,34,997,39.95114628443329,-75.13728079513407
997,100.00394973151332,33,998,39.95302179083598,-75.13662427466394
998,100.14103344985509,32,999,39.9549085831215,-75.13590579498081
999,100.28039851376678,31,1000,39.956801034909816,-75.13512322044552
1000,100.42306844397305,30,1001,39.95869320169324,-75.13427519497893
1001,100.55706412052619,31,1002,39.959947150835056,-75.1326153901011
1002,100.68394050329908,32,1003,39.96114323869437,-75.13092798812892
1003,100.80706375439864,32,1004,39.962612760465795,-75.12956600472587
1004,100.9391955326049,33,1005,39.96370030762646,-75.12782783123501
1005,101.06202766644387,34,1006,39.9647308716379,-75.12607800636765
1006,101.18928779877197,35,1007,39.96570624050809,-75.12432109649112
1007,101.31209351001222,36,1008,39.966628576511845,-75.12256118635655
1008,101.4107961600192,38,1009,39.96714820399193,-75.12051363441728
1009,101.52402131924627,39,1010,39.967970632256026,-75.11876886668327
1010,101.63846013787948,40,1011,39.96874866726366,-75.11703006855802
1011,101.75009519044825,41,1012,39.96948512853319,-75.11529949778145
1012,101.85877379712272,42,1013,39.970182891183164,-75.11357903078719
1013,101.9501363803626,44,1014,39.97049398675565,-75.11163055689579
1014,102.06897846631212,44,1015,39.971473868425775,-75.11017419391587
1015,102.17394743273019,45,1016,39.97207279040765,-75.10849194199083
1016,102.27672203702026,46,1017,39.97264438922204,-75.10682408257502
1017,102.377442738567,47,1018,39.97319136142039,-75.10517102433403
1018,102.47625416010072,48,1019,39.97371631769882,-75.10353295538025
1019,102.57330295529336,49,1020,39.9742217683084,-75.10190987404678
1020,102.66916167291319,51,1021,39.97437296141391,-75.10010464802184
1021,102.76381659135919,53,1022,39.974515187754555,-75.09832132674768
1022,102.85715665785983,55,1023,39.97465028968788,-75.09655788299364
1023,102.95545613477736,56,1024,39.97510760309108,-75.09500022616524
1024,103.04000837964433,59,1025,39.9749054437678,-75.0930825845098
1025,103.13799200413536,60,1026,39.97535089802588,-75.0915509955224
1026,103.23426607184567,61,1027,39.975790875530755,-75.09002857329453
1027,103.31848683704294,64,1028,39.97558839925777,-75.08815123211943
1028,103.40655404629777,66,1029,39.975707305012065,-75.08646515854082
1029,103.50317395636203,67,1030,39.97614345285341,-75.08496685233453
1030,103.59215129250029,68,1031,39.97657924992713,-75.08347341657621
1031,103.6699701333262,71,1032,39.9763871642465,-75.08162211137439
1032,103.75195516210859,73,1033,39.97651311545475,-75.07995365078199
1033,103.84698603061868,74,1034,39.97695569689475,-75.07846797104466
1034,103.94219119410072,75,1035,39.977401414813336,-75.07698308014265
1035,103.99554527552343,77,1036,39.97753796568604,-75.07531425885554
1036,104.08216493952241,77,1037,39.97830518862837,-75.07401261906318
1037,104.106875613405,80,1038,39.97813780862746,-75.07215271996232
1038,104.30582080356277,75,1039,39.980479522536186,-75.07178774997334
1039,104.41116523240109,74,1040,39.9815748221626,-75.070681183725
1040,104.50499654204904,74,1041,39.98236570414108,-75.06938772121323
1041,104.60603060203137,73,1042,39.98347495755879,-75.06828774045007
1042,104.7069968008355,72,1043,39.98459181005584,-75.0671918854813
1043,104.79785191123977,72,1044,39.985407015816726,-75.06590291326162
1044,104.89634556914376,71,1045,39.986540974421054,-75.06481263283206
1045,104.99829389451321,70,1046,39.987683871823414,-75.06372570218335
1046,105.10498099176046,69,1047,39.98883602699172,-75.0626416758478
1047,105.23499781643648,66,1048,39.99061559587134,-75.06197252005572
1048,105.34359729113586,65,1049,39.991787366010485,-75.06089714960285
1049,105.50542264404129,59,1050,39.994508748428565,-75.06088137573838
1050,105.63684556613171,56,1051,39.99631829834482,-75.06024909435834
1051,105.7375040008794,56,1052,39.99721940744201,-75.05897146361575
1052,105.88134672446647,52,1053,39.99936507364148,-75.05856843219598
1053,105.99355417098545,51,1054,40.000599980925536,-75.05750525633508
1054,106.11432555772268,49,1055,40.002157995756605,-75.05666156047991
1055,106.23442066358827,46,1056,40.00404529850432,-75.05604303156929
1056,106.34748608959381,45,1057,40.005318520619866,-75.0549598973862
1057,106.46954510415256,44,1058,40.00659996596159,-75.05386466106431
1058,106.59505760573579,44,1059,40.00756379052207,-75.05252393524879
1059,106.72023222244631,44,1060,40.00852538921654,-75.05116931046905
1060,106.80796641777498,45,1061,40.00915245545016,-75.04957204075502
1061,106.89547818226124,46,1062,40.009768218505144,-75.04796600188868
1062,106.98163152023488,47,1063,40.01037197764081,-75.04635306226788
1063,107.06088251023498,48,1064,40.01096329080291,-75.0447350604708
1064,107.15737229419517,49,1065,40.01154195097058,-75.04311375668313
1065,107.25138949434127,50,1066,40.01210796904339,-75.0414907997384
1066,107.35226300552097,50,1067,40.013000841468596,-75.04008103298166
1067,107.44959496773497,50,1068,40.01388273016024,-75.0386670259312
1068,107.54566159737803,51,1069,40.01441253886389,-75.03704206494099
1069,107.63993271989123,52,1070,40.0149308871074,-75.03542080197904
1070,107.73722661715458,52,1071,40.01577834816568,-75.0340066591637
1071,107.82125832608662,54,1072,40.01593639385944,-75.03219280970504
1072,107.90995530227207,55,1073,40.01642528649769,-75.03058732818585
1073,107.99853119042628,56,1074,40.016906135899475,-75.02898805252234
1074,108.08915657552097,57,1075,40.01737985127916,-75.02739517142774
1075,108.16886685102085,59,1076,40.017512982048856,-75.02561643431801
1076,108.25834222659792,60,1077,40.017976190296665,-75.02403777726968
1077,108.34732832762577,61,1078,40.018434817240504,-75.02246502398634
1078,108.43587988298161,62,1079,40.01888961584368,-75.02089784888014
1079,108.52405257476318,63,1080,40.019341286636845,-75.01933583135329
1080,108.61190067165724,64,1081,40.01979047984535,-75.01777847878625
1081,108.69947891014363,65,1082,40.02023779189001,-75.01622524246253
1082,108.78684088389069,66,1083,40.02068375962498,-75.01467552236369
1083,108.87403827976493,67,1084,40.021128866563664,-75.01312869421014
1084,108.95432750675631,68,1085,40.02157354284288,-75.01158411180046
1085,109.0528072064776,68,1086,40.02234451561613,-75.0102265302311
1086,109.13535784044267,69,1087,40.02278921910606,-75.00868455395161
1087,109.2338142682825,69,1088,40.0235606678632,-75.00732861232976
1088,109.33709985965673,68,1089,40.02465900829171,-75.00615889253416
1089,109.42894469410486,68,1090,40.02543280689603,-75.00480366146348
1090,109.52446601561867,67,1091,40.02653450036899,-75.00363501598876
1091,109.61982431007789,66,1092,40.02763868598404,-75.00246701303024
1092,109.71616641458206,65,1093,40.028745894978776,-75.00129954870884
1093,109.81262881790946,64,1094,40.02985661337146,-75.00013245700814
1094,109.9092392025546,63,1095,40.03097128552698,-74.9989655111037
1095,110.0060257866627,62,1096,40.03209029602546,-74.99779842093132
1096,110.09850228935271,62,1097,40.032886756649205,-74.99643876090491
1097,110.19357500188289,61,1098,40.03401483237294,-74.99526920193657
1098,110.28600471846858,61,1099,40.03481932006619,-74.9939042570915
1099,110.38332650094719,60,1100,40.03595677366198,-74.99273040084934
1100,110.48258938091546,59,1101,40.03709926876538,-74.99155415783247
1101,110.5855082304175,57,1102,40.03857804334026,-74.99057198535155
1102,110.68187148023772,56,1103,40.03973158630686,-74.98939012208737
1103,110.77365823815131,57,1104,40.04022242651675,-74.9878068825275
1104,110.8674602174643,57,1105,40.04104726659865,-74.98641574318371
1105,110.96299614516431,56,1106,40.0422098072121,-74.98521739649414
1106,111.0565105672525,56,1107,40.04303739663223,-74.98381396768546
1107,111.15039017515726,56,1108,40.04386457030844,-74.98240401607285
1108,111.2856907977994,55,1109,40.04503210561587,-74.98118611565752
1109,111.33920865302369,56,1110,40.04551464208271,-74.97956431562588
1110,111.43208453539397,57,1111,40.04599145555852,-74.97793764108692
1111,111.52851969924684,57,1112,40.0468077674495,-74.97650238876449
1112,111.63091595353315,56,1113,40.047967344015944,-74.97525590442865
1113,111.72046725117129,56,1114,40.04877580563932,-74.97380728478916
1114,111.81572725062324,56,1115,40.0495784420621,-74.97235279676576
1115,111.91107273975773,56,1116,40.050374522426644,-74.9708927304268
1116,112.00646709129789,56,1117,40.051163345632666,-74.96942741453358
1117,112.10153888593831,56,1118,40.05194424521596,-74.96795721235297
1118,112.20670476502676,55,1119,40.053072028652366,-74.96666731097724
1119,112.29337793194432,55,1120,40.053836183667634,-74.96518626585089
1120,112.43247389669577,54,1121,40.054948359535715,-74.96388176739546
1121,112.50749217479031,54,1122,40.055693192489045,-74.9623911379741
1122,112.59509667762953,54,1123,40.056427179660425,-74.96089760749639
1123,112.69070938174646,54,1124,40.057149926541136,-74.95940168446754
1124,112.7847777561081,54,1125,40.057861092789,-74.95790388415962
1125,112.87726397878328,54,1126,40.05856039276648,-74.9564047248976
1126,112.96813753706094,54,1127,40.05924759568012,-74.95490472449161
1127,113.05873450830562,54,1128,40.05992252533583,-74.95340439681334
1128,113.1347721783351,55,1129,40.060224695644415,-74.95174638793416
1129,113.2252524063926,55,1130,40.060874986839536,-74.95024990331612
1130,113.31545094235764,55,1131,40.06151290871602,-74.9487545759973
1131,113.40534429707773,55,1132,40.062138489620274,-74.9472608612137
1132,113.49491078300969,55,1133,40.06275180534936,-74.94576919608292
1133,113.59941032464975,54,1134,40.06371114743709,-74.94442304694252
1134,113.68416006288618,54,1135,40.06429959928245,-74.94293383994375
1135,113.81045696110613,53,1136,40.06523346457385,-74.94158507472471
1136,113.89215772132482,53,1137,40.06579751365474,-74.94010002100686
1137,113.97241601766537,53,1138,40.06635015335634,-74.93861900403564
1138,114.05126902005966,53,1139,40.0668917043938,-74.93714232823595
1139,114.11102747735995,54,1140,40.067069360286474,-74.93554373000859
1140,114.29013638965314,51,1141,40.06864863499008,-74.93445037785173
1141,114.36477026442539,51,1142,40.06915657598506,-74.93298353500322
1142,114.48058288214256,50,1143,40.07000593322673,-74.93164071207215
1143,114.51038680543823,51,1144,40.07014399156749,-74.93006641289507
1144,114.58147870968952,51,1145,40.07062436965943,-74.92861642911303
1145,114.63324231488899,52,1146,40.07075011129143,-74.92705955372827
1146,114.71408255517431,53,1147,40.07087132878653,-74.92551191207723
1147,114.79431707187769,54,1148,40.07098844902356,-74.92397321043174
1148,114.87430965047533,57,1149,40.070421022701176,-74.92222484399989
1149,114.95671480349448,58,1150,40.070534456434885,-74.92070539449836
1150,115.03761089474784,60,1151,40.07030813734726,-74.9190863338983
1151,115.11844442412684,61,1152,40.07041732604447,-74.91758303459353
1152,115.19797872062995,63,1153,40.070190581691165,-74.91598091363846
1153,115.27810614685195,64,1154,40.07029659730467,-74.91449198339507
1154,115.35592529274791,65,1155,40.07040076551451,-74.9130092013148
1155,115.43597743918006,65,1156,40.07083308077875,-74.91163586814157
1156,115.5147286473685,65,1157,40.07126204621166,-74.91026665450113
1157,115.58445515596159,66,1158,40.07136031828187,-74.90879921198623
1158,115.66258577762831,66,1159,40.07178480331205,-74.9074385186406
1159,115.7479513529444,64,1160,40.072859205706465,-74.90628388409269
1160,115.81811355507548,66,1161,40.07262796802911,-74.90472826335983
1161,115.8955944204281,66,1162,40.07304750851722,-74.90337851083665
1162,115.97404212667698,66,1163,40.07346626265215,-74.90203221556736
1163,116.05231763749919,66,1164,40.07388466322491,-74.90068928496072
1164,116.13044021350541,66,1165,40.07430314512342,-74.89934962888879
1165,116.20672049171823,66,1166,40.07472214606203,-74.89801316016721
1166,116.28255972885056,66,1167,40.07514210732876,-74.89667979483295
1167,116.3689984822146,65,1168,40.07588301022766,-74.89545090955838
1168,116.44610199401039,65,1169,40.076305521521014,-74.89412401534561
1169,116.52320548201446,65,1170,40.07673036292937,-74.89280010195529
1170,116.58932100702938,66,1171,40.076840545616335,-74.89137579898141
1171,116.65935629473078,67,1172,40.07695509605234,-74.88995250526656
1172,116.73467781016623,67,1173,40.07739098545097,-74.88863521088507
1173,116.81197482969445,67,1174,40.077831057210815,-74.88732038684752
1174,116.89095053797257,67,1175,40.07827579823936,-74.88600796020134
1175,116.97011794143329,67,1176,40.0787257006329,-74.88469785578013
1176,117.03778930164509,68,1177,40.078866807382106,-74.88327965203209
1177,117.1107212155938,69,1178,40.079014676577614,-74.8818604185998
1178,117.18549948434261,70,1179,40.079169659411505,-74.88043972891532
1179,117.26096474591189,71,1180,40.07933210189132,-74.87901715253551
1180,117.33669553217496,72,1181,40.07950234142323,-74.87759225986053
1181,117.41272012967953,73,1182,40.07968071037341,-74.87616461326144
1182,117.48906807800806,74,1183,40.07986752981013,-74.8747337862773
1183,117.5657668729417,75,1184,40.08006310815865,-74.87329934722209
1184,117.64244193282245,75,1185,40.080583544563126,-74.87198721489123
1185,117.71980986380073,76,1186,40.08079804988383,-74.87054672023294
1186,117.79760498841128,77,1187,40.081022245881464,-74.86910146209141
1187,117.87585184897497,78,1188,40.081256380268876,-74.86765105090495
1188,117.95457400070983,79,1189,40.08150069074584,-74.86619511276149
1189,118.029611446015,80,1190,40.081755391090766,-74.86473329505296
1190,118.12480583845134,80,1191,40.082340019429076,-74.86340726580569
1191,118.23130599448297,78,1192,40.0835735266141,-74.86237037011178
1192,118.31935795638306,76,1193,40.08481717146266,-74.86134461613533
1193,118.43958072230204,72,1194,40.08670031719494,-74.86063279216562
1194,118.54479330518774,70,1195,40.08796246966157,-74.85963648913325
1195,118.6500041203693,68,1196,40.08923562326342,-74.85865208196488
1196,118.75522772556644,66,1197,40.09052014134956,-74.85767963618763
1197,118.86048402007852,64,1198,40.09181642627961,-74.85671913973017
1198,118.95848374547512,63,1199,40.09281687522127,-74.85560234503122
1199,119.04473654133783,63,1200,40.09352269475772,-74.8543187078732
1200,119.13048815980693,63,1201,40.09424215327921,-74.8530325664127
1201,119.2069921537201,64,1202,40.094664280864826,-74.85156574187344
1202,119.28441579245764,65,1203,40.095097165462235,-74.85008954423381
1203,119.37276822445888,65,1204,40.09585422257047,-74.84878732649929
1204,119.45479847274845,66,1205,40.09630847078064,-74.84729479958962
1205,119.54603561801329,66,1206,40.09708827199088,-74.84598143079663
1206,119.62994250334677,67,1207,40.09756111572027,-74.84447210751472
1207,119.73044660672112,68,1208,40.09804113108825,-74.84295334202321
1208,119.83376504225885,68,1209,40.09884878871884,-74.8416205703326
1209,119.93748307161978,68,1210,40.09966469852876,-74.84028249729197
1210,120.02520124368164,67,1211,40.10081148561064,-74.8391377717587
1211,120.12701958864757,66,1212,40.1019669867878,-74.8379902761653
1212,120.23807601140193,65,1213,40.10313031822081,-74.83683896706643
1213,120.34965930145253,64,1214,40.10430047939818,-74.83568276242852
1214,120.4534462847127,61,1215,40.1061350980749,-74.83492981828962
1215,120.56955777060719,58,1216,40.107982548810696,-74.83417368433223
1216,120.70289729849857,55,1217,40.1098437149631,-74.83341125377693
1217,120.83749048519401,52,1218,40.11171936581534,-74.83263907512958
1218,120.97358197433716,49,1219,40.113610079786746,-74.83185332186443
1219,121.11045665642557,46,1220,40.11551614989952,-74.83104976361494
1220,121.25007870043859,43,1221,40.117437461543325,-74.83022375875984
1221,121.40379816949728,39,1222,40.119733039066034,-74.82957882715746
1222,121.53887406554357,36,1223,40.121689374351384,-74.82869030273032
1223,121.66828812199765,33,1224,40.12365739672338,-74.82776207644514
1224,121.8214632074508,31,1225,40.12525083823915,-74.82658942475706
1225,121.97925315708828,30,1226,40.12644528052498,-74.82518609187677
1226,122.03166974770842,31,1227,40.12683598772701,-74.82339183181664
1227,122.18114698163112,31,1228,40.12757845843168,-74.82178323999992
1228,122.29431840274589,32,1229,40.127900245897436,-74.82000708305938
1229,122.40334194655316,33,1230,40.128191197914305,-74.81824943254657
1230,122.47427956838837,35,1231,40.12807638656016,-74.81636164629141
1231,122.51515830402323,38,1232,40.12757617198171,-74.81436395850972
1232,122.63269897466076,41,1233,40.127078063901614,-74.81241138838331
1233,122.74732769023585,44,1234,40.12658556574112,-74.81050071611527
1234,122.8449463376964,48,1235,40.125754138003956,-74.80849265393518
1235,122.954187183346,51,1236,40.12528709117741,-74.80665852561077
1236,123.05533007323757,55,1237,40.12449839900892,-74.80472342976822
1237,123.15920023298429,58,1238,40.1240618232422,-74.80295238611659
1238,123.26126512636884,61,1239,40.12363843958688,-74.80120813004288
1239,123.36159706630228,65,1240,40.1229127846936,-74.79935678122114
1240,123.46201261034786,68,1241,40.122521571980045,-74.79765959219574
1241,123.55722236528015,72,1242,40.12183769811969,-74.79585048481889
1242,123.65282096506267,75,1243,40.12147686599207,-74.7941912612765
1243,123.74593144974565,79,1244,40.120830547831936,-74.79241519441548
1244,123.84055357039914,82,1245,40.12049684671342,-74.79078564237668
1245,123.93476637667419,85,1246,40.12017367979505,-74.78916807285647
1246,124.01082712635142,87,1247,40.120149160329156,-74.78769441617223
1247,124.07999801985603,88,1248,40.120416483189096,-74.78636320090055
1248,124.12906701002308,90,1249,40.12040004070451,-74.78490581893999
1249,124.19824642088483,91,1250,40.12067302899016,-74.7835884619537
1250,124.26026780192053,92,1251,40.120949439218414,-74.78227644248028
1251,124.34941504757172,92,1252,40.12151164497971,-74.78110447517992
1252,124.43878127032968,92,1253,40.12207717846469,-74.77993811250207
1253,124.52851609768052,92,1254,40.12264745108978,-74.77877742589274
1254,124.62097158853436,91,1255,40.12350068250253,-74.77776187096349
1255,124.69351556871052,89,1256,40.12463214761951,-74.77689644801663
1256,124.7695145597936,89,1257,40.12522002473231,-74.77576081089421
1257,124.84203962134897,88,1258,40.12608783526851,-74.77477771935945
1258,124.91734196880256,88,1259,40.126694861971856,-74.77366054087571
1259,125.02013368878292,87,1260,40.12757896704873,-74.77270247467798
1260,125.11382295554765,87,1261,40.12820896688924,-74.77160637037389
1261,125.18343821822539,87,1262,40.12885280823865,-74.77051985778228
1262,125.25471291577082,87,1263,40.12951110448677,-74.76944318667101
1263,125.32769139087848,87,1264,40.13018424461098,-74.76837651109892
1264,125.40238898419591,87,1265,40.13087236381043,-74.76731985914047
1265,125.47878931753326,87,1266,40.1315753201015,-74.76627310633302
1266,125.52953710258771,88,1267,40.132048312234886,-74.7650561701482
1267,125.62894685925184,88,1268,40.13278298143749,-74.76402313760151
1268,125.707508868113,89,1269,40.13329228661515,-74.76280743278012
1269,125.78810509013402,90,1270,40.13381963021463,-74.76158742003643
1270,125.849264323341,92,1271,40.134129573479676,-74.7601562836017
1271,125.93401093861357,93,1272,40.13469166806999,-74.75891598413763
1272,125.99976936062662,95,1273,40.1350371042717,-74.75744547565432
1273,126.08239498151066,100,1274,40.13470230375326,-74.75524871516316
1274,126.18876630596414,101,1275,40.13531189056427,-74.75393555398223
1275,126.37111120199663,91,1276,40.13835452,-74.75527619
1276,126.59462805352955,86,1277,40.140413207213115,-74.75596797360656
1277,126.5358656424439,117,1278,40.13424751596965,-74.74663020877084
1278,126.62260223481026,120,1279,40.134368640735914,-74.74477588774786
1279,126.68940787256551,123,1280,40.13449892659389,-74.74286032563319
1280,126.77143783909622,125,1281,40.1348992475152,-74.74142493838643
1281,126.8672272148535,126,1282,40.135569517954025,-74.74032260378054
1282,126.96413347355724,127,1283,40.13624781542345,-74.73920801555013
1283,127.06041336746623,127,1284,40.13718558834922,-74.73845779720952
1284,127.14988352121944,127,1285,40.138123361274985,-74.7377075788689
1285,127.19442546151825,129,1286,40.138330322021616,-74.7358413278667
1286,127.24900862684962,130,1287,40.13878837128139,-74.7343855325621
1287,127.34473587334847,129,1288,40.13973438315699,-74.73377697852172
1288,127.41940676066741,129,1289,40.14043641372468,-74.73281310952609
1289,127.47437129220711,130,1290,40.140906580888384,-74.73147728802061
1290,127.54880851454104,130,1291,40.14161265075738,-74.73059947142673
1291,127.62291684478997,130,1292,40.14231872062638,-74.72976745395948
1292,127.67832038829577,131,1293,40.14280194499533,-74.72854565651512
1293,127.75219113200674,131,1294,40.14351205416563,-74.72780100149329
1294,127.82453175562603,131,1295,40.14422216333594,-74.72710240760682
1295,127.88154325041313,132,1296,40.14471839491018,-74.72599849435464
1296,127.95031593238123,132,1297,40.145432543381794,-74.72538857295726
1297,127.9902001350203,133,1298,40.14593768285991,-74.7243629966483
1298,127.93244148511282,134,1299,40.146447640940636,-74.72337384195504
1299,127.9900996985797,134,1300,40.14716986801487,-74.72289756247906
1300,128.0650821641726,134,1301,40.147892095089105,-74.72246813016466
1301,128.13927262518294,134,1302,40.14861432216334,-74.72208554501182
1302,128.21267246615324,134,1303,40.149336549237574,-74.72174980702056
1303,128.2852830337256,134,1304,40.15005877631181,-74.72146091619086
1304,128.366297596498,133,1305,40.150964997270385,-74.72169987874436
1305,128.43694079219728,133,1306,40.15168318504331,-74.72150577394086
1306,128.50458173046414,133,1307,40.152401372816236,-74.72135825429021
1307,128.5543494375888,133,1308,40.15311956058916,-74.72125731979239
1308,128.60312527399023,133,1309,40.153837748362086,-74.72120297044741
1309,128.65133370686004,133,1310,40.15455593613501,-74.72119520625527
1310,128.7102768854578,132,1311,40.155430621984415,-74.72171360352488
1311,128.7595299066791,133,1312,40.156167006004004,-74.72135825429021
1312,128.82066663002374,133,1313,40.15705988810007,-74.72152130232514
1313,128.88321002862057,133,1314,40.15795277019614,-74.72172317132078
1314,128.93118341663617,134,1315,40.158705981551975,-74.72148433977165
1315,128.99630252818898,134,1316,40.159603885482106,-74.72176542274109
1316,129.04671528906454,135,1317,40.16036883234013,-74.72160525595167
1317,129.13444490383293,134,1318,40.16139969334237,-74.72244470658387
1318,129.22119931166515,133,1319,40.16241718067648,-74.72331483070943
1319,129.31942752550114,131,1320,40.163529455912375,-74.72467652114393
1320,129.4020607727591,130,1321,40.16451221407617,-74.72559973343547
1321,129.48956520606077,128,1322,40.16557059647371,-74.72699624780016
1322,129.56248532022028,128,1323,40.16643836939947,-74.72753200325867
1323,129.64303885703816,127,1324,40.1673818765589,-74.72853991074662
1324,129.71576084448645,127,1325,40.1682446276506,-74.72914758760251
1325,129.79501601429448,126,1326,40.169170129307595,-74.73021631557094
1326,129.8675372689234,126,1327,40.170027858565234,-74.73089504046177
1327,129.94016980437047,126,1328,40.17088558782287,-74.73161105792903
1328,130.0141719041076,126,1329,40.17174331708051,-74.73236436797269
1329,130.0898175637567,127,1330,40.17255838310911,-74.73274863563745
1330,130.1646869284519,126,1331,40.17345877559579,-74.73398286578929
1331,130.23552570541227,128,1332,40.17424832573136,-74.73405161897918
1332,130.29633684251786,127,1333,40.17514663638422,-74.73535939546278
1333,130.38189345364881,129,1334,40.175955365689866,-74.73552256804139
1334,130.40884577152184,136,1335,40.176575552036496,-74.73369778492655
1335,130.53147494787703,130,1336,40.17767946298444,-74.73716401291145
1336,130.60905135490285,130,1337,40.17855727957833,-74.73824029238743
1337,130.7051979695197,127,1338,40.17946039184273,-74.74046088017894
1338,130.83125348298057,124,1339,40.18030692310252,-74.74264775059063
1339,130.9636361996598,120,1340,40.181073968246785,-74.74512851656884
1340,131.0608239851224,116,1341,40.181758888718605,-74.74753923390077
1341,131.1491424867284,112,1342,40.18236414451791,-74.74988055249906
1342,131.24659147834998,112,1343,40.1831515680987,-74.75105141712788
1343,131.34435909195804,112,1344,40.18393899167949,-74.75225651756456
1344,131.44244532755255,112,1345,40.18472641526028,-74.7534958538091
1345,131.49979266904677,113,1346,40.185588064956555,-74.75451095636481
1346,131.5368565253554,114,1347,40.186457398321195,-74.75557415595102
1347,131.61948540319884,114,1348,40.18763362782939,-74.75632415595102
1348,131.70211428104227,114,1349,40.18880985733759,-74.75707415595102
1349,131.7847431588857,114,1350,40.189986086845785,-74.75782415595101
1350,131.9783237317874,120,1351,40.19176879536397,-74.75699461263866
1351,132.07478035739385,120,1352,40.19299420520004,-74.75774461263866
1352,132.16854908979147,121,1353,40.19432814331376,-74.75822058375333
1353,132.2620010572254,123,1354,40.19578717986888,-74.75841280598253
1354,132.3555540370043,125,1355,40.19726799330943,-74.75859169821173
1355,132.45464005263312,125,1356,40.19853438675205,-74.75934169821173
1356,132.54738808778762,125,1357,40.19980078019467,-74.76009169821172
1357,132.6950576004639,125,1358,40.201600780194674,-74.76159169821172
1358,132.83847580324118,125,1359,40.20340078019468,-74.76309169821171
1359,132.96207703891267,125,1360,40.20520078019468,-74.7645916982117
1360,133.10795454072863,125,1361,40.20700078019468,-74.7660916982117
1361,133.25547140371765,125,1362,40.208800780194686,-74.76759169821169
1362,133.4029882667067,125,1363,40.21060078019469,-74.76909169821168
1363,133.55050512969575,125,1364,40.21240078019469,-74.77059169821167
1364,133.69802199268477,125,1365,40.214200780194695,-74.77209169821167
1365,133.8455388556738,125,1366,40.2160007801947,-74.77359169821166
1366,134.00140947279132,125,1367,40.2178007801947,-74.77509169821165
1367,134.16375535412317,125,1368,40.2196007801947,-74.77659169821165
1368,134.32597434672718,125,1369,40.221400780194706,-74.77809169821164
1369,134.48806645060293,125,1370,40.22320078019471,-74.77959169821163
