ocean_time,s_rho,lon_rho,lat_rho,dist_mile,salt,date
2019-01-01,-0.96875,-75.54399878947552,39.547222704770654,57.34534328770376,0.5137494,2019-01-01
2019-01-02,-0.96875,-75.54999284992157,39.56969966215674,58.92593188694961,0.51486117,2019-01-02
2019-01-03,-0.96875,-75.56161082183591,39.47596290283312,52.43781184841355,0.5141355,2019-01-03
2019-01-04,-0.96875,-75.5615148990824,39.46517145288857,51.66301558507331,0.5154065,2019-01-04
2019-01-05,-0.96875,-75.5490809661033,39.55328950233535,57.77905939946185,0.5131895,2019-01-05
2019-01-06,-0.96875,-75.55112583642088,39.49626881266907,53.78051417349636,0.5149688,2019-01-06
2019-01-07,-0.96875,-75.55558851612241,39.47718338987189,52.4354288067599,0.5123873,2019-01-07
2019-01-08,-0.96875,-75.5610184469298,39.461621877478535,51.422493392436365,0.51139367,2019-01-08
2019-01-09,-0.96875,-75.5528747000756,39.5118491684065,54.90761434570327,0.516751,2019-01-09
2019-01-10,-0.96875,-75.52932704369148,39.42942059099923,48.51441329507831,0.5141857,2019-01-10
2019-01-11,-0.96875,-75.54208351301196,39.55727251850135,58.03232412737616,0.5185684,2019-01-11
2019-01-12,-0.96875,-75.55292217444442,39.507063809171385,54.56999151426305,0.51687926,2019-01-12
2019-01-13,-0.96875,-75.56020236518079,39.47833022033864,52.59199753059094,0.5154023,2019-01-13
2019-01-14,-0.96875,-75.55265201154363,39.51896085121689,55.39662826094568,0.51551986,2019-01-14
2019-01-15,-0.96875,-75.54510165790647,39.55959148209514,58.201258991300406,0.5156374,2019-01-15
2019-01-16,-0.96875,-75.5592404622734,39.57720605675291,59.53934304421048,0.5150243,2019-01-16
2019-01-17,-0.96875,-75.55275655057781,39.52648025768161,55.93887428810087,0.5119908,2019-01-17
2019-01-18,-0.96875,-75.54975949176568,39.53201753368606,56.30536826059116,0.51371646,2019-01-18
2019-01-19,-0.96875,-75.55571051571941,39.591628120317104,60.73641038053712,0.51522136,2019-01-19
2019-01-20,-0.96875,-75.55468535924,39.62674240804706,63.531318295574,0.5135441,2019-01-20
2019-01-21,-0.96875,-75.5618034671646,39.58486010242802,60.15528375240046,0.51571095,2019-01-21
2019-01-22,-0.96875,-75.56379552916282,39.47688558248769,52.503799641279805,0.5162893,2019-01-22
2019-01-23,-0.96875,-75.56019496008486,39.54378452616786,57.24376086249519,0.5152633,2019-01-23
2019-01-24,-0.96875,-75.55763138363547,39.57080247810261,59.10628093855495,0.5145189,2019-01-24
2019-01-25,-0.96875,-75.5538964274182,39.535057784845854,56.54857812110812,0.5134598,2019-01-25
2019-01-26,-0.96875,-75.55564496549809,39.47248042088519,52.12067981687585,0.513095,2019-01-26
2019-01-27,-0.96875,-75.54436937789434,39.45488515147303,50.62519971901484,0.51512027,2019-01-27
2019-01-28,-0.96875,-75.55107069706033,39.46014597667349,51.12463395184967,0.5141538,2019-01-28
2019-01-29,-0.96875,-75.54929546175657,39.45860736617466,50.95936314633859,0.51484704,2019-01-29
2019-01-30,-0.96875,-75.55167334920472,39.45420491454041,50.71438820856397,0.51553977,2019-01-30
2019-02-01,-0.96875,-75.54943375850844,39.443827429748765,49.982654894511214,0.51298743,2019-02-01
2019-02-02,-0.96875,-75.55470838534777,39.50196950563012,54.21796068701117,0.5141195,2019-02-02
2019-02-03,-0.96875,-75.55541211455579,39.47081072743856,51.99413141730718,0.5159101,2019-02-03
2019-02-04,-0.96875,-75.5573657478009,39.50882873731896,54.71734414186844,0.51661676,2019-02-04
2019-02-05,-0.96875,-75.5554170275369,39.5109520145635,54.85710757745738,0.51428485,2019-02-05
2019-02-06,-0.96875,-75.55663424070666,39.53528940556527,56.56545067814833,0.5170868,2019-02-06
2019-02-07,-0.96875,-75.56229644242673,39.50399610339099,54.39807283695231,0.5137895,2019-02-07
2019-02-08,-0.96875,-75.5557893118653,39.51844770814781,55.3845875208827,0.51595783,2019-02-08
2019-02-09,-0.96875,-75.54910275856855,39.481938471821394,52.68501661453163,0.5137427,2019-02-09
2019-02-10,-0.96875,-75.53375391771769,39.44724687298568,49.88616236291433,0.51509786,2019-02-10
2019-02-11,-0.96875,-75.54235902996965,39.445135861540194,49.87801837151542,0.5134709,2019-02-11
2019-02-12,-0.96875,-75.5472945905141,39.48603096953751,52.96901028902551,0.5168576,2019-02-12
2019-02-13,-0.96875,-75.54504212884417,39.53582269034512,56.54867521171954,0.5145849,2019-02-13
2019-02-14,-0.96875,-75.54393679867097,39.48311349140659,52.69889553195662,0.5138244,2019-02-14
2019-02-15,-0.96875,-75.55087166995074,39.46970292326933,51.81738632142952,0.5151266,2019-02-15
2019-02-16,-0.96875,-75.55575966140573,39.49783778300228,53.92855834474606,0.5157093,2019-02-16
2019-02-17,-0.96875,-75.55328154713428,39.52051730783653,55.51456441642469,0.5141394,2019-02-17
2019-02-18,-0.96875,-75.55227084229185,39.55161396308983,57.68932940519127,0.5142615,2019-02-18
2019-02-19,-0.96875,-75.55306697186296,39.51585310270392,55.18656513014829,0.513574,2019-02-19
2019-02-20,-0.96875,-75.54966101482914,39.51810879245578,55.32172973173719,0.51512134,2019-02-20
2019-02-21,-0.96875,-75.55359404301551,39.50245148705725,54.241092254679245,0.51432633,2019-02-21
2019-02-22,-0.96875,-75.55077899932746,39.50699391151836,54.51805557036736,0.51437885,2019-02-22
2019-02-23,-0.96875,-75.55019983924124,39.50604068313789,54.45006842836593,0.51564115,2019-02-23
2019-02-24,-0.96875,-75.55345040506738,39.49665868786256,53.79807170427444,0.51569134,2019-02-24
2019-02-25,-0.96875,-75.55394309471872,39.484718375845965,52.94716460223796,0.51427054,2019-02-25
2019-02-26,-0.96875,-75.50816867547074,39.41086423016058,46.77466698064672,0.5140102,2019-02-26
2019-02-27,-0.96875,-75.55728660444795,39.465167038160594,51.59374056371684,0.5156538,2019-02-27
2019-02-28,-0.96875,-75.55643434258603,39.501734035247885,54.21334370195143,0.5141403,2019-02-28
2019-03-02,-0.96875,-75.56083781959329,39.53974503094497,56.92484307230295,0.51304185,2019-03-02
2019-03-03,-0.96875,-75.55524089056213,39.53460168409258,56.51677090680933,0.5150597,2019-03-03
2019-03-04,-0.96875,-75.55337056189433,39.55625577748973,58.03640768676063,0.51316625,2019-03-04
2019-03-05,-0.96875,-75.55119041597862,39.566290279813735,58.72878920425877,0.5150117,2019-03-05
2019-03-06,-0.96875,-75.55344052484422,39.54548182658065,57.26787220347583,0.51304317,2019-03-06
2019-03-07,-0.96875,-75.55775845123043,39.55149210857394,57.7235363218576,0.5153038,2019-03-07
2019-03-08,-0.96875,-75.55469988539315,39.51917353993502,55.43539031440295,0.51663154,2019-03-08
2019-03-09,-0.96875,-75.56018511063111,39.55390526262275,57.89238169873868,0.5129109,2019-03-09
2019-03-10,-0.96875,-75.579343190944,39.62376344692387,63.034566439069714,0.5166329,2019-03-10
2019-03-11,-0.96875,-75.54841933633936,39.55278271379648,57.8061742924863,0.5139646,2019-03-11
2019-03-12,-0.96875,-75.55221311599766,39.51726818246871,55.28977299819872,0.5151082,2019-03-12
2019-03-13,-0.96875,-75.56450387671563,39.57326667483611,59.302911292040505,0.51456416,2019-03-13
2019-03-14,-0.96875,-75.55474917693405,39.55210196474162,57.76253479578916,0.5147344,2019-03-14
2019-03-15,-0.96875,-75.56554223572475,39.54955487378608,57.685273023764,0.5181054,2019-03-15
2019-03-16,-0.96875,-75.54719144020403,39.536370289951925,56.59524302628581,0.51530313,2019-03-16
2019-03-17,-0.96875,-75.57898632668137,39.6163478727616,62.48535636878501,0.51516145,2019-03-17
2019-03-18,-0.96875,-75.55473876184858,39.507412739844426,54.60652667767225,0.51453245,2019-03-18
2019-03-19,-0.96875,-75.55965988598366,39.54777714068112,57.46708327792399,0.51710117,2019-03-19
2019-03-20,-0.96875,-75.55733314791416,39.533291550701335,56.43234513251159,0.51672614,2019-03-20
2019-03-21,-0.96875,-75.55522749636616,39.58234879281986,59.91525351050269,0.51725435,2019-03-21
2019-03-22,-0.96875,-75.55986750209642,39.55415002360614,57.987969467181344,0.51549566,2019-03-22
2019-03-23,-0.96875,-75.55887492609772,39.49254516354858,53.5796318253884,0.51350933,2019-03-23
2019-03-24,-0.96875,-75.55051025610244,39.49030533194869,53.32223860758628,0.51486886,2019-03-24
2019-03-25,-0.96875,-75.54842064823052,39.47866471078892,52.4268946432319,0.51493657,2019-03-25
2019-03-26,-0.96875,-75.55340236624755,39.50050469499679,54.09894962540906,0.51459706,2019-03-26
2019-03-27,-0.96875,-75.5531544834203,39.47719394086917,52.41924817918352,0.5140637,2019-03-27
2019-03-28,-0.96875,-75.54718482876127,39.489657770366,53.22022864795776,0.5145467,2019-03-28
2019-03-29,-0.96875,-75.55506552987956,39.50133986144376,54.17903661179541,0.51573265,2019-03-29
2019-03-30,-0.96875,-75.54758671306891,39.528056396460165,56.017743651463405,0.51042086,2019-03-30
2019-03-31,-0.96875,-75.54842705831703,39.527589497620646,55.99702144628791,0.5185612,2019-03-31
2019-04-01,-0.96875,-75.55401113316233,39.54183811160512,57.01966090757989,0.5140003,2019-04-01
2019-04-02,-0.96875,-75.55487953315031,39.5742165536739,59.27686607274212,0.5162063,2019-04-02
2019-04-03,-0.96875,-75.55950942606968,39.59990905297567,61.28992706452173,0.5154197,2019-04-03
2019-04-04,-0.96875,-75.55733739356829,39.56786708329962,59.01129830159999,0.51600957,2019-04-04
2019-04-05,-0.96875,-75.55232524908622,39.55363247134846,57.83757260002654,0.51469743,2019-04-05
2019-04-06,-0.96875,-75.56768490252185,39.59375835896453,60.82016452902993,0.5133751,2019-04-06
2019-04-07,-0.96875,-75.55578398965007,39.58039573020502,59.87429376824341,0.51570666,2019-04-07
2019-04-08,-0.96875,-75.55401302005505,39.60091222509709,61.48319795073951,0.51491344,2019-04-08
2019-04-09,-0.96875,-75.55446949490683,39.60070419705906,61.50164003227471,0.5149484,2019-04-09
2019-04-10,-0.96875,-75.55185464784998,39.62027799431352,63.03895928464941,0.51297796,2019-04-10
2019-04-11,-0.96875,-75.55439925164266,39.63198882048509,63.974578368403705,0.51576966,2019-04-11
2019-04-12,-0.96875,-75.55182928272687,39.60364396445914,61.69996461660801,0.5140618,2019-04-12
2019-04-13,-0.96875,-75.55465288591328,39.6086888673652,62.0864192063701,0.5154792,2019-04-13
2019-04-14,-0.96875,-75.56040179389059,39.596826617057744,61.09944615220025,0.51549906,2019-04-14
2019-04-15,-0.96875,-75.5542836674336,39.56431412663654,58.65854109827439,0.5145869,2019-04-15
2019-04-16,-0.96875,-75.56035250763695,39.4984856207065,54.01154628841584,0.5149783,2019-04-16
2019-04-17,-0.96875,-75.5580084782219,39.46711226324047,51.76037035788948,0.51592666,2019-04-17
2019-04-18,-0.96875,-75.55128638413278,39.496276058936,53.7454856295796,0.51511705,2019-04-18
2019-04-19,-0.96875,-75.54745359133857,39.491654874357785,53.36654458453881,0.51750946,2019-04-19
2019-04-20,-0.96875,-75.53078013145894,39.4410696703732,49.39550274046884,0.5133191,2019-04-20
2019-04-21,-0.96875,-75.54696940152846,39.44357777368924,49.89091457647305,0.5148,2019-04-21
2019-04-22,-0.96875,-75.53713670071932,39.43597588130199,49.14803149856412,0.5165045,2019-04-22
2019-04-23,-0.96875,-75.5355506563484,39.43453326952967,49.00266698751968,0.51861566,2019-04-23
2019-04-24,-0.96875,-75.51464417333291,39.415038034345486,47.2193798454884,0.5141797,2019-04-24
2019-04-25,-0.96875,-75.51672745297367,39.41642997724039,47.36638053228644,0.5159963,2019-04-25
2019-04-26,-0.96875,-75.5414729195342,39.45111784134195,50.32261174562061,0.5156323,2019-04-26
2019-04-27,-0.96875,-75.56028575269616,39.45891193759294,51.222227701566005,0.51492965,2019-04-27
2019-04-28,-0.96875,-75.55745631499623,39.49356368707013,53.64312575150024,0.5149578,2019-04-28
2019-04-29,-0.96875,-75.55507312996454,39.50391385967436,54.35594979617484,0.51314497,2019-04-29
2019-04-30,-0.96875,-75.55670514280105,39.52634288256738,55.94027369186983,0.5144563,2019-04-30
2019-05-01,-0.96875,-75.54704446847818,39.54092264738047,56.91951910044861,0.5156882,2019-05-01
2019-05-02,-0.96875,-75.55885576886212,39.540781891769456,56.968939665200416,0.5163282,2019-05-02
2019-05-03,-0.96875,-75.57043483961228,39.581221391960405,59.93350518667043,0.51213133,2019-05-03
2019-05-04,-0.96875,-75.55487897426299,39.56298817463234,58.52302247599266,0.5149344,2019-05-04
2019-05-05,-0.96875,-75.56614308480017,39.579988226339104,59.78067549693496,0.51655895,2019-05-05
2019-05-06,-0.96875,-75.54383444876756,39.53975758593319,56.8225253208216,0.5158047,2019-05-06
2019-05-07,-0.96875,-75.56017534064826,39.528794745924806,56.14586619731278,0.51383376,2019-05-07
2019-05-08,-0.96875,-75.55355906861391,39.51891577283316,55.40502140631142,0.51512784,2019-05-08
2019-05-09,-0.96875,-75.5523033601542,39.49718704808776,53.8404656743843,0.5150385,2019-05-09
2019-05-10,-0.96875,-75.5533858987481,39.48928071767589,53.29661186698806,0.51626796,2019-05-10
2019-05-11,-0.96875,-75.54655269250127,39.46886169683073,51.71658079635233,0.5168663,2019-05-11
2019-05-12,-0.96875,-75.55782837947474,39.45523149908239,50.91654520678104,0.51574194,2019-05-12
2019-05-13,-0.96875,-75.55498590813491,39.497856362123215,53.93154395343443,0.51337063,2019-05-13
2019-05-14,-0.96875,-75.55186131054654,39.4893791628484,53.26839783263589,0.51583725,2019-05-14
2019-05-15,-0.96875,-75.52840000485806,39.42759217805644,48.37860027340764,0.5143401,2019-05-15
2019-05-16,-0.96875,-75.52250498669407,39.42375553734971,47.980841787084415,0.51791,2019-05-16
2019-05-17,-0.96875,-75.54655945856686,39.44499207815312,49.97054069900825,0.5175648,2019-05-17
2019-05-18,-0.96875,-75.56344414709491,39.47121322985658,52.108282295012685,0.5151589,2019-05-18
2019-05-19,-0.96875,-75.55483779617876,39.46928031179712,51.84975234395672,0.51484746,2019-05-19
2019-05-20,-0.96875,-75.53484861989813,39.43392466688964,48.95128851784941,0.51465356,2019-05-20
2019-05-21,-0.96875,-75.53986965639501,39.438049542990846,49.3503299814036,0.5124228,2019-05-21
2019-05-22,-0.96875,-75.51836648390713,39.41921268379176,47.584889335681794,0.51205456,2019-05-22
2019-05-23,-0.96875,-75.52095977031017,39.422324910335455,47.84900888031494,0.5148854,2019-05-23
2019-05-24,-0.96875,-75.53918364610722,39.46551415946193,51.30755664478143,0.5144943,2019-05-24
2019-05-25,-0.96875,-75.55178647439267,39.46432161496249,51.45656446976805,0.5143547,2019-05-25
2019-05-26,-0.96875,-75.5510908778528,39.508216076716536,54.64022867541416,0.51483446,2019-05-26
2019-05-27,-0.96875,-75.54822756393044,39.52365056210139,55.71704688259314,0.5124087,2019-05-27
2019-05-28,-0.96875,-75.55851369205492,39.49993727086927,54.113533707939965,0.5140941,2019-05-28
2019-05-29,-0.96875,-75.5447937848836,39.562840340150665,58.44005593469792,0.5178866,2019-05-29
2019-05-30,-0.96875,-75.56111442678873,39.57543229941541,59.46224754480213,0.51572025,2019-05-30
2019-06-01,-0.96875,-75.55227625105852,39.57109435525168,59.18000570318471,0.51362574,2019-06-01
2019-06-02,-0.96875,-75.54815089545271,39.55830845314536,58.13600901170355,0.51140237,2019-06-02
2019-06-03,-0.96875,-75.5595563578696,39.5803422023457,59.79043148942939,0.5143838,2019-06-03
2019-06-04,-0.96875,-75.56314575515572,39.47621377669465,52.46002916286507,0.5131521,2019-06-04
2019-06-05,-0.96875,-75.56294874254216,39.513027504429225,55.06283631798657,0.51563275,2019-06-05
2019-06-06,-0.96875,-75.55280828835795,39.57661585798313,59.45087585903198,0.5199387,2019-06-06
2019-06-07,-0.96875,-75.56400031493504,39.536005461673255,56.65939355011668,0.5158438,2019-06-07
2019-06-08,-0.96875,-75.55043802841634,39.54984936455168,57.55787687361834,0.5161287,2019-06-08
2019-06-09,-0.96875,-75.55594205336716,39.55755777409252,58.20787167968651,0.51625746,2019-06-09
2019-06-10,-0.96875,-75.56739954939128,39.56318314757922,58.69356979302281,0.5149817,2019-06-10
2019-06-11,-0.96875,-75.54815870632432,39.53810979635932,56.72530066958304,0.51497793,2019-06-11
2019-06-12,-0.96875,-75.5542723282978,39.54658424356782,57.363579090700405,0.515288,2019-06-12
2019-06-13,-0.96875,-75.55737052697755,39.564977363190565,58.7391012753136,0.51442623,2019-06-13
2019-06-14,-0.96875,-75.55739878680068,39.55587899271817,58.04506836826132,0.5157647,2019-06-14
2019-06-15,-0.96875,-75.55434301299789,39.551450256239534,57.69751296959396,0.51824135,2019-06-15
2019-06-16,-0.96875,-75.56157414077656,39.55569819216567,58.05838339297832,0.5160159,2019-06-16
2019-06-17,-0.96875,-75.55349836187395,39.54679607609383,57.401109645418025,0.51445675,2019-06-17
2019-06-18,-0.96875,-75.55866342231373,39.57614513682723,59.55109173493695,0.5146776,2019-06-18
2019-06-19,-0.96875,-75.5566380149451,39.577877996764855,59.64824734152582,0.51622003,2019-06-19
2019-06-20,-0.96875,-75.54727730929484,39.55784020831569,58.09939664338983,0.51321226,2019-06-20
2019-06-21,-0.96875,-75.55381261698015,39.55008779736932,57.60726353660232,0.5148781,2019-06-21
2019-06-22,-0.96875,-75.55898090558742,39.56364024721709,58.59121443358467,0.51430535,2019-06-22
2019-06-23,-0.96875,-75.56147481567916,39.55765460455978,58.16064535999951,0.5158659,2019-06-23
2019-06-24,-0.96875,-75.55719644148861,39.52518518649614,55.865244107741965,0.5127564,2019-06-24
2019-06-25,-0.96875,-75.55061587933471,39.555562958336935,57.95160545327744,0.51362824,2019-06-25
2019-06-26,-0.96875,-75.55303470464926,39.57482608911907,59.30227529572926,0.51242834,2019-06-26
2019-06-27,-0.96875,-75.55162873929693,39.56498942855111,58.62438272067247,0.5165535,2019-06-27
2019-06-28,-0.96875,-75.56119477601025,39.58911687563734,60.40801562687123,0.5149771,2019-06-28
2019-06-29,-0.96875,-75.54548861088993,39.655003176190434,65.98110918388954,0.516468,2019-06-29
2019-07-01,-0.96875,-75.55548025113451,39.61805828272392,62.80413936489656,0.51528406,2019-07-01
2019-07-02,-0.96875,-75.54478520847313,39.64836187696484,65.39040034502814,0.51484895,2019-07-02
2019-07-03,-0.96875,-75.54487702518571,39.65577549836269,65.91268787278585,0.513867,2019-07-03
2019-07-04,-0.96875,-75.53924696969777,39.66246500907325,66.53776125973646,0.51606816,2019-07-04
2019-07-05,-0.96875,-75.53811321134444,39.66487699523749,66.65125860343124,0.5148056,2019-07-05
2019-07-06,-0.96875,-75.5464810406376,39.659930148118754,66.20501863102508,0.51553404,2019-07-06
2019-07-07,-0.96875,-75.54741992515055,39.65621728612749,65.92597547539212,0.51464593,2019-07-07
2019-07-08,-0.96875,-75.5308437914434,39.68180371133384,67.96744118825164,0.5133144,2019-07-08
2019-07-09,-0.96875,-75.53518373054636,39.67184999633879,67.27729652036567,0.51461315,2019-07-09
2019-07-10,-0.96875,-75.54139859029394,39.661664754830255,66.4030486986238,0.5158781,2019-07-10
2019-07-11,-0.96875,-75.54770011977227,39.657512858081496,66.03099290971866,0.5151878,2019-07-11
2019-07-12,-0.96875,-75.55173633821906,39.648355219364376,65.22725473910647,0.5144634,2019-07-12
2019-07-13,-0.96875,-75.54750111854894,39.65277764432216,65.68120473255351,0.51478225,2019-07-13
2019-07-14,-0.96875,-75.53298845115289,39.672301457227775,67.39144510592325,0.5153641,2019-07-14
2019-07-15,-0.96875,-75.54773248689831,39.65289668464936,65.70978358954524,0.51327026,2019-07-15
2019-07-16,-0.96875,-75.53564542776161,39.66675486203921,66.85040904606082,0.51567864,2019-07-16
2019-07-17,-0.96875,-75.53873310266002,39.66688960105546,66.8623446515723,0.51512355,2019-07-17
2019-07-18,-0.96875,-75.54304931933517,39.66434855503719,66.50234106364833,0.513484,2019-07-18
2019-07-19,-0.96875,-75.53467424511547,39.6685497296905,67.01662315340651,0.5150094,2019-07-19
2019-07-20,-0.96875,-75.54287353131384,39.65901817169669,66.20248683147035,0.5142358,2019-07-20
2019-07-21,-0.96875,-75.55269655253042,39.64925547918764,65.3956942262951,0.5168675,2019-07-21
2019-07-22,-0.96875,-75.53855218393943,39.666858337334965,66.83863937181631,0.51521415,2019-07-22
2019-07-23,-0.96875,-75.54743546836423,39.658488434400006,66.09371466792393,0.5141147,2019-07-23
2019-07-24,-0.96875,-75.53371906914698,39.67260955425723,67.31553946348922,0.515409,2019-07-24
2019-07-25,-0.96875,-75.55771398249212,39.639301343786855,64.55816403874097,0.51522124,2019-07-25
2019-07-26,-0.96875,-75.54533807932975,39.655221129837486,65.91062897323573,0.5136147,2019-07-26
2019-07-27,-0.96875,-75.54465072980368,39.65613929354653,65.96469051991203,0.51283205,2019-07-27
2019-07-28,-0.96875,-75.55298432870158,39.648211702263424,65.263088327046,0.5147889,2019-07-28
2019-07-29,-0.96875,-75.530642701074,39.6734873409736,67.41386388986562,0.51472926,2019-07-29
2019-08-01,-0.96875,-75.51821630371383,39.694564232168034,69.09674471933693,0.5148717,2019-08-01
2019-08-02,-0.96875,-75.51932246397669,39.69568269467528,69.11714626717763,0.51513904,2019-08-02
2019-08-03,-0.96875,-75.51056468130061,39.70862184712842,70.14196987179737,0.5152416,2019-08-03
2019-08-04,-0.96875,-75.51151922646396,39.708162255418245,70.05692809492224,0.51622546,2019-08-04
2019-08-05,-0.96875,-75.50657655001481,39.71416948205583,70.55948775482118,0.5147864,2019-08-05
2019-08-06,-0.96875,-75.50352937767056,39.72067785632034,70.98767091729596,0.5137523,2019-08-06
2019-08-07,-0.96875,-75.49720716146929,39.73147101675664,71.78765626836581,0.5138774,2019-08-07
2019-08-08,-0.96875,-75.50048579594329,39.723611902513895,71.25312624095362,0.51646596,2019-08-08
2019-08-09,-0.96875,-75.50007192058563,39.72588810580465,71.38996971111101,0.5159412,2019-08-09
2019-08-10,-0.96875,-75.50129595636706,39.72373526854709,71.24112345154194,0.5150872,2019-08-10
2019-08-11,-0.96875,-75.50325927656064,39.72274541290992,71.1250177621336,0.51442784,2019-08-11
2019-08-12,-0.96875,-75.50800707869533,39.712608522339366,70.41299560715368,0.5146713,2019-08-12
2019-08-13,-0.96875,-75.50107996380916,39.72653922895703,71.41804888934637,0.5152302,2019-08-13
2019-08-14,-0.96875,-75.49798579555718,39.72844347980182,71.60752330253324,0.5145266,2019-08-14
2019-08-15,-0.96875,-75.48589827025137,39.7471397197445,72.97646415009501,0.5150774,2019-08-15
2019-08-16,-0.96875,-75.48687593110839,39.74387445151648,72.76643801466217,0.51412845,2019-08-16
2019-08-17,-0.96875,-75.481337118404,39.75485686323878,73.53359899542514,0.5145979,2019-08-17
2019-08-18,-0.96875,-75.48744204085178,39.74295924768217,72.72258256424578,0.5152938,2019-08-18
2019-08-19,-0.96875,-75.49431576429716,39.733157263262605,71.98912794161139,0.5144836,2019-08-19
2019-08-20,-0.96875,-75.49579459320886,39.728539292037134,71.69601509990044,0.5143588,2019-08-20
2019-08-21,-0.96875,-75.48757647941189,39.74212280935673,72.68700403813449,0.51432055,2019-08-21
2019-08-22,-0.96875,-75.49264270679917,39.73404444292926,72.09423321617622,0.5161305,2019-08-22
2019-08-23,-0.96875,-75.49304146536653,39.73620297953015,72.18340820543985,0.5159107,2019-08-23
2019-08-24,-0.96875,-75.48270154765719,39.75467646107266,73.52924803964923,0.514334,2019-08-24
2019-08-25,-0.96875,-75.47152266968226,39.7652984638576,74.4674533440309,0.5151742,2019-08-25
2019-08-26,-0.96875,-75.45243094807437,39.779653680133066,75.94631509366347,0.51671827,2019-08-26
2019-08-27,-0.96875,-75.44680990444299,39.78466955344207,76.41351233700468,0.51513547,2019-08-27
2019-08-28,-0.96875,-75.44575465789599,39.784608583701385,76.467371668288,0.51405376,2019-08-28
2019-09-01,-0.96875,-75.46459897219832,39.76969262518988,74.98334019091098,0.5149505,2019-09-01
2019-09-02,-0.96875,-75.46463895168571,39.76927135445522,74.98326348032653,0.5150995,2019-09-02
2019-09-03,-0.96875,-75.46549006862404,39.7698009380337,74.94532379078663,0.51573145,2019-09-03
2019-09-04,-0.96875,-75.44614274083058,39.78399387924052,76.43280932064471,0.5152496,2019-09-04
2019-09-05,-0.96875,-75.44336699352586,39.78745607102638,76.69173480343757,0.51550657,2019-09-05
2019-09-06,-0.96875,-75.4271038563419,39.796161049994986,77.82968780961046,0.5151512,2019-09-06
2019-09-07,-0.96875,-75.4268213327413,39.7976389547076,77.8970111042759,0.51505506,2019-09-07
2019-09-08,-0.96875,-75.44106994324491,39.79049297965376,76.91388155656935,0.51505363,2019-09-08
2019-09-09,-0.96875,-75.44363185727012,39.78691037117903,76.65623278067702,0.51541936,2019-09-09
2019-09-10,-0.96875,-75.43327984168243,39.79389359972188,77.4305190456382,0.51506704,2019-09-10
2019-09-11,-0.96875,-75.42627645727376,39.796552699616456,77.89030152871601,0.51505864,2019-09-11
2019-09-12,-0.96875,-75.4264419752652,39.79733923156204,77.91029689022493,0.514798,2019-09-12
2019-09-13,-0.96875,-75.4229732186935,39.79988171004164,78.18449853494323,0.51468,2019-09-13
2019-09-14,-0.96875,-75.42167587140054,39.80125202513153,78.29790952126206,0.5150416,2019-09-14
2019-09-15,-0.96875,-75.4183255306123,39.80222531711304,78.50129982392687,0.5144261,2019-09-15
2019-09-16,-0.96875,-75.42686935873483,39.79821112984993,77.92092237403158,0.51527596,2019-09-16
2019-09-17,-0.96875,-75.40725630375297,39.80906730397706,79.32875642343132,0.5146962,2019-09-17
2019-09-18,-0.96875,-75.41288423154502,39.80585623378249,78.92379051538899,0.5157785,2019-09-18
2019-09-19,-0.96875,-75.39451744097293,39.81635731647724,80.25019175005043,0.51410866,2019-09-19
2019-09-20,-0.96875,-75.41041297483478,39.807548873337815,79.10844497292206,0.51410633,2019-09-20
2019-09-21,-0.96875,-75.42654133266029,39.79871279381945,77.95133584995543,0.51472276,2019-09-21
2019-09-22,-0.96875,-75.42056385731725,39.802164715485965,78.38436255563171,0.5153458,2019-09-22
2019-09-23,-0.96875,-75.4263335995787,39.79880836314562,77.96248177392805,0.5154463,2019-09-23
2019-09-24,-0.96875,-75.40411233651615,39.8105719625715,79.5296598615531,0.51506644,2019-09-24
2019-09-25,-0.96875,-75.40263472930229,39.8116087379198,79.64981043881147,0.5148699,2019-09-25
2019-09-26,-0.96875,-75.38763951383902,39.8182782114213,80.64936962929829,0.515043,2019-09-26
2019-09-27,-0.96875,-75.3853590060574,39.81939414865215,80.8107994983727,0.51491946,2019-09-27
2019-09-28,-0.96875,-75.43309689887741,39.795380400384666,77.48076194225447,0.514233,2019-09-28
2019-10-01,-0.96875,-75.34577390907819,39.83159836308757,83.28308211417209,0.5149555,2019-10-01
2019-10-02,-0.96875,-75.35728334243423,39.82990222495285,82.62877427615457,0.514394,2019-10-02
2019-10-03,-0.96875,-75.35438806116326,39.83043425790809,82.80081834580642,0.51558495,2019-10-03
2019-10-04,-0.96875,-75.29937623532622,39.84450217842033,86.1002514474045,0.51496345,2019-10-04
2019-10-05,-0.96875,-75.31924939329768,39.84008258552354,84.93977081817236,0.51476634,2019-10-05
2019-10-06,-0.96875,-75.32302842323983,39.840143774670544,84.7514506992334,0.51547,2019-10-06
2019-10-07,-0.96875,-75.31588008226487,39.84035211795665,85.11804646782753,0.5155119,2019-10-07
2019-10-08,-0.96875,-75.33035285727715,39.83885722702464,84.35278451265324,0.5149524,2019-10-08
2019-10-09,-0.96875,-75.27448153538823,39.84886201611849,87.48911296806382,0.515306,2019-10-09
2019-10-10,-0.96875,-75.29219200349439,39.84943577167613,86.60727982671524,0.51529044,2019-10-10
2019-10-11,-0.96875,-75.2587406760238,39.85895771245765,88.58496888557525,0.51509744,2019-10-11
2019-10-12,-0.96875,-75.27340627068419,39.85297569701697,87.69178079484774,0.51567805,2019-10-12
2019-10-13,-0.96875,-75.27584924030481,39.853035434584456,87.5527253869694,0.51327217,2019-10-13
2019-10-14,-0.96875,-75.29353362828321,39.84987613282163,86.57289470134577,0.514882,2019-10-14
2019-10-15,-0.96875,-75.29963685055779,39.84931598410478,86.24402572233268,0.5152883,2019-10-15
2019-10-16,-0.96875,-75.30191128729516,39.847373693239774,86.05179627802023,0.5153547,2019-10-16
2019-10-17,-0.96875,-75.29861087240994,39.84891719903136,86.29230447240504,0.5150765,2019-10-17
2019-10-18,-0.96875,-75.34292733831295,39.834301737534034,83.52362462116238,0.51506484,2019-10-18
2019-10-19,-0.96875,-75.3117902150387,39.84165660356781,85.37686342543651,0.51514506,2019-10-19
2019-10-20,-0.96875,-75.32922650002016,39.8381824189578,84.36365463983577,0.51530075,2019-10-20
2019-10-21,-0.96875,-75.34745122110397,39.83373945803811,83.27751752891487,0.51500285,2019-10-21
2019-10-22,-0.96875,-75.34736390165945,39.83291337943817,83.2573198992805,0.51529783,2019-10-22
2019-10-23,-0.96875,-75.38061863806296,39.82057521312121,81.10191637652724,0.5141155,2019-10-23
2019-10-24,-0.96875,-75.3853336058637,39.819846626169465,80.83745037423478,0.51473325,2019-10-24
2019-10-25,-0.96875,-75.39176847875387,39.81772169684557,80.435510054598,0.514442,2019-10-25
2019-10-26,-0.96875,-75.39986681320902,39.81284123700686,79.8374158220616,0.51421547,2019-10-26
2019-10-27,-0.96875,-75.38792984439635,39.81885424185458,80.66128103341305,0.5149089,2019-10-27
2019-10-28,-0.96875,-75.45628860298561,39.7835455030229,75.87246472766573,0.5137192,2019-10-28
2019-11-01,-0.96875,-75.44882180140692,39.784774805792416,76.31866887867128,0.51475656,2019-11-01
2019-11-02,-0.96875,-75.46927636065374,39.76927927407434,74.70847757474986,0.51623994,2019-11-02
2019-11-03,-0.96875,-75.5074879711917,39.71378922505029,70.51344017880778,0.51557493,2019-11-03
2019-11-04,-0.96875,-75.52533952255601,39.6860290720785,68.4046396814509,0.5137702,2019-11-04
2019-11-05,-0.96875,-75.54041471692291,39.66709546331139,66.83905142881396,0.5145091,2019-11-05
2019-11-06,-0.96875,-75.55774970327302,39.64477056279728,64.97489104848823,0.514556,2019-11-06
2019-11-07,-0.96875,-75.55433989103481,39.6418124859206,64.83557710921421,0.5155232,2019-11-07
2019-11-08,-0.96875,-75.53292154362923,39.67276115846423,67.4084066197691,0.51657397,2019-11-08
2019-11-09,-0.96875,-75.53148642800328,39.6727035022149,67.46580349251677,0.5146795,2019-11-09
2019-11-10,-0.96875,-75.5301333568378,39.67971535741045,67.87917422481235,0.5140232,2019-11-10
2019-11-11,-0.96875,-75.54611224200653,39.65377801177256,65.87272147864942,0.5149958,2019-11-11
2019-11-12,-0.96875,-75.5073181938185,39.71541772241296,70.65007167178689,0.5167308,2019-11-12
2019-11-13,-0.96875,-75.51922419252085,39.69818312157997,69.25393862928968,0.518412,2019-11-13
2019-11-14,-0.96875,-75.50902387631575,39.71478193746452,70.5137213636907,0.51366055,2019-11-14
2019-11-15,-0.96875,-75.50598836099334,39.71988116065858,70.89874318121564,0.5136163,2019-11-15
2019-11-16,-0.96875,-75.50517673331085,39.71883860682687,70.84319040960663,0.51697934,2019-11-16
2019-11-17,-0.96875,-75.49092513411848,39.73960958067326,72.38695757684258,0.5145929,2019-11-17
2019-11-18,-0.96875,-75.4845488914021,39.74335397469766,72.8430960151236,0.5133905,2019-11-18
2019-11-19,-0.96875,-75.48967845240546,39.74052033944061,72.51355334172165,0.51668966,2019-11-19
2019-11-20,-0.96875,-75.49243718143083,39.73218057635268,71.98083486170549,0.51422834,2019-11-20
2019-11-21,-0.96875,-75.48436028370828,39.75306163029855,73.34574339588426,0.51461184,2019-11-21
2019-11-22,-0.96875,-75.49250738513032,39.73481518695526,72.11389331116663,0.5145449,2019-11-22
2019-11-23,-0.96875,-75.49281231281027,39.73572694809506,72.14235505418308,0.51572204,2019-11-23
2019-11-24,-0.96875,-75.49918755327722,39.72405797727902,71.36204424235802,0.51523846,2019-11-24
2019-11-25,-0.96875,-75.49554014957452,39.73022664512602,71.76609316475886,0.51548517,2019-11-25
2019-11-26,-0.96875,-75.50504297489337,39.71252035585452,70.47809648209378,0.5157304,2019-11-26
2019-12-01,-0.96875,-75.5070864049196,39.71463539696538,70.59028103394108,0.5156136,2019-12-01
2019-12-02,-0.96875,-75.50098704720538,39.72318858956064,71.20493344714964,0.51664716,2019-12-02
2019-12-03,-0.96875,-75.49883543252447,39.73040198083663,71.71063221155042,0.5147528,2019-12-03
2019-12-04,-0.96875,-75.50859636696939,39.71487648196352,70.539215918275,0.5163624,2019-12-04
2019-12-05,-0.96875,-75.52965574080908,39.68316632260316,68.07716158477504,0.51608837,2019-12-05
2019-12-06,-0.96875,-75.53625776804947,39.67059490937256,67.16952154800356,0.51435333,2019-12-06
2019-12-07,-0.96875,-75.53130382152032,39.678231734892606,67.75621874081777,0.51410055,2019-12-07
2019-12-08,-0.96875,-75.53556127840496,39.67639892563599,67.50746306462328,0.51691365,2019-12-08
2019-12-09,-0.96875,-75.52299932578455,39.70188281795637,69.31991772459234,0.513592,2019-12-09
2019-12-10,-0.96875,-75.52306481017399,39.68686091083713,68.51326284744759,0.5147447,2019-12-10
2019-12-11,-0.96875,-75.55311892156789,39.648407984621215,65.3286436256781,0.51234573,2019-12-11
2019-12-12,-0.96875,-75.52961625832157,39.67722807221824,67.78317522394133,0.51211715,2019-12-12
2019-12-13,-0.96875,-75.53149426124652,39.67781538420841,67.72250982763241,0.51608485,2019-12-13
2019-12-14,-0.96875,-75.52768918084158,39.68032596584946,67.99035307336375,0.5137235,2019-12-14
2019-12-15,-0.96875,-75.53021829877035,39.67685724703128,67.73350992547864,0.5149977,2019-12-15
2019-12-16,-0.96875,-75.54277028335537,39.65224389965162,65.7230063418573,0.51344246,2019-12-16
2019-12-17,-0.96875,-75.54988133044435,39.64026945206028,64.62175539028235,0.5138958,2019-12-17
2019-12-18,-0.96875,-75.54560105329814,39.63622649700445,64.40767618189192,0.51532876,2019-12-18
2019-12-19,-0.96875,-75.56608987843171,39.59776026998984,61.06395755342296,0.5171186,2019-12-19
2019-12-20,-0.96875,-75.55184737120707,39.57900948884713,59.7142275877633,0.5147807,2019-12-20
2019-12-21,-0.96875,-75.57749006877937,39.61348060521014,62.25992031865438,0.51690435,2019-12-21
2019-12-22,-0.96875,-75.55428646024474,39.62587168937491,63.46253551020406,0.5135302,2019-12-22
2019-12-23,-0.96875,-75.56036805498906,39.63268177169018,64.01721590147766,0.5165595,2019-12-23
2019-12-24,-0.96875,-75.54848317384075,39.63658320587613,64.44496388453112,0.5154319,2019-12-24
2019-12-25,-0.96875,-75.54735277819348,39.63714875021085,64.4485254161147,0.51451194,2019-12-25
2019-12-26,-0.96875,-75.54180936043377,39.65413725352024,65.88585036911955,0.5139444,2019-12-26
